common_name,breeding_verified,breeding_indirect,transient,winter_verified,winter_present,aab_url,order_desc,order,family,genus,species,similar_species
Greater White-fronted Goose,false,false,true,false,true,http://www.allaboutbirds.org/guide/greater_whitefronted_goose/id,"Ducks, Geese, and Swans",ANSERIFORMES,ANATIDAE,Anser,albifrons,""
Snow Goose,false,false,true,false,true,http://www.allaboutbirds.org/guide/snow_goose/id,"Ducks, Geese, and Swans",ANSERIFORMES,ANATIDAE,Chen,caerulescens,"Ross's Goose, Mute Swan, Trumpeter Swan"
Ross’s Goose,false,false,true,false,true,http://www.allaboutbirds.org/guide/rosss_goose/id,"Ducks, Geese, and Swans",ANSERIFORMES,ANATIDAE,Chen,rossii,""
Cackling Goose,false,false,true,true,false,http://www.allaboutbirds.org/guide/cackling_goose/id,"Ducks, Geese, and Swans",ANSERIFORMES,ANATIDAE,Branta,hutchinsii,""
Canada Goose,true,false,false,true,false,http://www.allaboutbirds.org/guide/canada_goose/id,"Ducks, Geese, and Swans",ANSERIFORMES,ANATIDAE,Branta,canadensis,"Cackling Goose, Brant, Snow Goose"
Brant,false,false,true,false,false,http://www.allaboutbirds.org/guide/brant/id,"Ducks, Geese, and Swans",ANSERIFORMES,ANATIDAE,Branta,bernicla,""
Mute Swan,true,false,false,true,false,http://www.allaboutbirds.org/guide/mute_swan/id,"Ducks, Geese, and Swans",ANSERIFORMES,ANATIDAE,Cygnus,olor,"Tundra Swan, Trumpeter Swan, Snow Goose, American White Pelican"
Trumpeter Swan,true,false,false,true,false,http://www.allaboutbirds.org/guide/trumpeter_swan/id,"Ducks, Geese, and Swans",ANSERIFORMES,ANATIDAE,Cygnus,buccinator,"Tundra Swan, Mute Swan"
Tundra Swan,false,false,true,true,false,http://www.allaboutbirds.org/guide/tundra_swan/id,"Ducks, Geese, and Swans",ANSERIFORMES,ANATIDAE,Cygnus,columbianus,"Mute Swan, Trumpeter Swan, Snow Goose, American White Pelican"
Wood Duck,true,false,false,true,false,http://www.allaboutbirds.org/guide/wood_duck/id,"Ducks, Geese, and Swans",ANSERIFORMES,ANATIDAE,Aix,sponsa,"Hooded Merganser, Green-winged Teal, Mallard"
Gadwall,true,false,false,true,false,http://www.allaboutbirds.org/guide/gadwall/id,"Ducks, Geese, and Swans",ANSERIFORMES,ANATIDAE,Anas,strepera,"Mallard, Blue-winged Teal, Green-winged Teal, American Wigeon"
Eurasian Wigeon,false,false,true,false,true,http://www.allaboutbirds.org/guide/eurasian_wigeon/id,"Ducks, Geese, and Swans",ANSERIFORMES,ANATIDAE,Anas,penelope,American Wigeon
American Wigeon,true,false,false,true,false,http://www.allaboutbirds.org/guide/american_wigeon/id,"Ducks, Geese, and Swans",ANSERIFORMES,ANATIDAE,Anas,americana,Eurasian Wigeon
American Black Duck,false,false,true,false,true,http://www.allaboutbirds.org/guide/american_black_duck/id,"Ducks, Geese, and Swans",ANSERIFORMES,ANATIDAE,Anas,rubripes,"Mallard, Mottled Duck, Gadwall"
Mallard,true,false,false,true,false,http://www.allaboutbirds.org/guide/mallard/id,"Ducks, Geese, and Swans",ANSERIFORMES,ANATIDAE,Anas,platyrhynchos,"American Black Duck, Mottled Duck, Gadwall, Northern Shoveler, Red-breasted Merganser"
Blue-winged Teal,true,false,false,false,true,http://www.allaboutbirds.org/guide/bluewinged_teal/id,"Ducks, Geese, and Swans",ANSERIFORMES,ANATIDAE,Anas,discors,"Green-winged Teal, Cinnamon Teal"
Cinnamon Teal,true,false,false,true,false,http://www.allaboutbirds.org/guide/cinnamon_teal/id,"Ducks, Geese, and Swans",ANSERIFORMES,ANATIDAE,Anas,cyanoptera,"Ruddy Duck, Blue-winged Teal, Green-winged Teal"
Northern Shoveler,true,false,false,true,false,http://www.allaboutbirds.org/guide/northern_shoveler/id,"Ducks, Geese, and Swans",ANSERIFORMES,ANATIDAE,Anas,clypeata,""
Northern Pintail,true,false,false,true,false,http://www.allaboutbirds.org/guide/northern_pintail/id,"Ducks, Geese, and Swans",ANSERIFORMES,ANATIDAE,Anas,acuta,""
Garganey,false,false,true,false,false,http://www.allaboutbirds.org/guide/garganey/id,,,,,,""
Green-winged Teal,true,false,false,true,false,http://www.allaboutbirds.org/guide/greenwinged_teal/id,"Ducks, Geese, and Swans",ANSERIFORMES,ANATIDAE,Anas,crecca,Blue-winged Teal
Canvasback,true,false,false,true,false,http://www.allaboutbirds.org/guide/canvasback/id,"Ducks, Geese, and Swans",ANSERIFORMES,ANATIDAE,Aythya,valisineria,""
Redhead,true,false,false,true,false,http://www.allaboutbirds.org/guide/redhead/id,"Ducks, Geese, and Swans",ANSERIFORMES,ANATIDAE,Aythya,americana,""
Ring-necked Duck,true,false,false,true,false,http://www.allaboutbirds.org/guide/ringnecked_duck/id,"Ducks, Geese, and Swans",ANSERIFORMES,ANATIDAE,Aythya,collaris,"Lesser Scaup, Greater Scaup, Redhead"
Tufted Duck,false,false,true,false,false,http://www.allaboutbirds.org/guide/tufted_duck/id,,,,,,""
Greater Scaup,false,false,true,true,false,http://www.allaboutbirds.org/guide/greater_scaup/id,"Ducks, Geese, and Swans",ANSERIFORMES,ANATIDAE,Aythya,marila,""
Lesser Scaup,true,false,false,true,false,http://www.allaboutbirds.org/guide/lesser_scaup/id,"Ducks, Geese, and Swans",ANSERIFORMES,ANATIDAE,Aythya,affinis,"Greater Scaup, Ring-necked Duck"
Harlequin Duck,true,false,false,true,false,http://www.allaboutbirds.org/guide/harlequin_duck/id,"Ducks, Geese, and Swans",ANSERIFORMES,ANATIDAE,Histrionicus,histrionicus,""
Surf Scoter,false,false,true,false,true,http://www.allaboutbirds.org/guide/surf_scoter/id,"Ducks, Geese, and Swans",ANSERIFORMES,ANATIDAE,Melanitta,perspicillata,""
White-winged Scoter,false,false,true,false,true,http://www.allaboutbirds.org/guide/whitewinged_scoter/id,"Ducks, Geese, and Swans",ANSERIFORMES,ANATIDAE,Melanitta,fusca,""
Black Scoter,false,false,true,false,true,http://www.allaboutbirds.org/guide/black_scoter/id,"Ducks, Geese, and Swans",ANSERIFORMES,ANATIDAE,Melanitta,americana,""
Long-tailed Duck,false,false,true,true,false,http://www.allaboutbirds.org/guide/longtailed_duck/id,"Ducks, Geese, and Swans",ANSERIFORMES,ANATIDAE,Clangula,hyemalis,""
Bufflehead,true,false,false,true,false,http://www.allaboutbirds.org/guide/bufflehead/id,"Ducks, Geese, and Swans",ANSERIFORMES,ANATIDAE,Bucephala,albeola,"Common Goldeneye, Barrow's Goldeneye, Hooded Merganser, Harlequin Duck, Ruddy Duck"
Common Goldeneye,true,false,false,true,false,http://www.allaboutbirds.org/guide/common_goldeneye/id,"Ducks, Geese, and Swans",ANSERIFORMES,ANATIDAE,Bucephala,clangula,"Barrow's Goldeneye, Bufflehead"
Barrow’s Goldeneye,true,false,false,true,false,http://www.allaboutbirds.org/guide/barrows_goldeneye/id,"Ducks, Geese, and Swans",ANSERIFORMES,ANATIDAE,Bucephala,islandica,""
Hooded Merganser,true,false,false,true,false,http://www.allaboutbirds.org/guide/hooded_merganser/id,"Ducks, Geese, and Swans",ANSERIFORMES,ANATIDAE,Lophodytes,cucullatus,"Bufflehead, Common Merganser, Red-breasted Merganser"
Common Merganser,true,false,false,true,false,http://www.allaboutbirds.org/guide/common_merganser/id,"Ducks, Geese, and Swans",ANSERIFORMES,ANATIDAE,Mergus,merganser,"Red-breasted Merganser, Common Loon, Mallard"
Red-breasted Merganser,false,false,true,true,false,http://www.allaboutbirds.org/guide/redbreasted_merganser/id,"Ducks, Geese, and Swans",ANSERIFORMES,ANATIDAE,Mergus,serrator,""
Ruddy Duck,true,false,false,true,false,http://www.allaboutbirds.org/guide/ruddy_duck/id,"Ducks, Geese, and Swans",ANSERIFORMES,ANATIDAE,Oxyura,jamaicensis,Black Scoter
Chukar,true,false,false,true,false,http://www.allaboutbirds.org/guide/chukar/id,"Grouse, Quail, and Allies",GALLIFORMES,PHASIANIDAE,Alectoris,chukar,Gray Partridge
Gray Partridge,true,false,false,true,false,http://www.allaboutbirds.org/guide/gray_partridge/id,"Grouse, Quail, and Allies",GALLIFORMES,PHASIANIDAE,Perdix,perdix,""
Ring-necked Pheasant,true,false,false,true,false,http://www.allaboutbirds.org/guide/ringnecked_pheasant/id,"Grouse, Quail, and Allies",GALLIFORMES,PHASIANIDAE,Phasianus,colchicus,"Sharp-tailed Grouse, Ruffed Grouse"
Ruffed Grouse,true,false,false,true,false,http://www.allaboutbirds.org/guide/ruffed_grouse/id,"Grouse, Quail, and Allies",GALLIFORMES,PHASIANIDAE,Bonasa,umbellus,"Spruce Grouse, Sharp-tailed Grouse, Ring-necked Pheasant"
Greater Sage-Grouse,true,false,false,true,false,http://www.allaboutbirds.org/guide/greater_sagegrouse/id,"Grouse, Quail, and Allies",GALLIFORMES,PHASIANIDAE,Centrocercus,urophasianus,""
Spruce Grouse,true,false,false,true,false,http://www.allaboutbirds.org/guide/spruce_grouse/id,"Grouse, Quail, and Allies",GALLIFORMES,PHASIANIDAE,Falcipennis,canadensis,""
Willow Ptarmigan,false,false,false,false,true,http://www.allaboutbirds.org/guide/willow_ptarmigan/id,"Grouse, Quail, and Allies",GALLIFORMES,PHASIANIDAE,Lagopus,lagopus,""
White-tailed Ptarmigan,true,false,false,true,false,http://www.allaboutbirds.org/guide/whitetailed_ptarmigan/id,"Grouse, Quail, and Allies",GALLIFORMES,PHASIANIDAE,Lagopus,leucura,""
Dusky Grouse,true,false,false,true,false,http://www.allaboutbirds.org/guide/dusky_grouse/id,"Grouse, Quail, and Allies",GALLIFORMES,PHASIANIDAE,Dendragapus,obscurus,""
Sharp-tailed Grouse,true,false,false,true,false,http://www.allaboutbirds.org/guide/sharptailed_grouse/id,"Grouse, Quail, and Allies",GALLIFORMES,PHASIANIDAE,Tympanuchus,phasianellus,""
Greater Prairie-Chicken,false,true,false,false,false,http://www.allaboutbirds.org/guide/greater_prairiechicken/id,"Grouse, Quail, and Allies",GALLIFORMES,PHASIANIDAE,Tympanuchus,cupido,""
Wild Turkey,true,false,false,true,false,http://www.allaboutbirds.org/guide/wild_turkey/id,"Grouse, Quail, and Allies",GALLIFORMES,PHASIANIDAE,Meleagris,gallopavo,"Dusky Grouse, Sooty Grouse, Ruffed Grouse, Greater Sage-Grouse"
Red-throated Loon,false,false,true,false,false,http://www.allaboutbirds.org/guide/redthroated_loon/id,Loons,GAVIIFORMES,GAVIIDAE,Gavia,stellata,""
Pacific Loon,false,false,true,false,true,http://www.allaboutbirds.org/guide/pacific_loon/id,Loons,GAVIIFORMES,GAVIIDAE,Gavia,pacifica,""
Common Loon,true,false,false,true,false,http://www.allaboutbirds.org/guide/common_loon/id,Loons,GAVIIFORMES,GAVIIDAE,Gavia,immer,"Red-throated Loon, Pacific Loon, Double-crested Cormorant"
Yellow-billed Loon,false,false,true,false,true,http://www.allaboutbirds.org/guide/yellowbilled_loon/id,,,,,,""
Pied-billed Grebe,true,false,false,true,false,http://www.allaboutbirds.org/guide/piedbilled_grebe/id,Grebes,PODICIPEDIFORMES,PODICIPEDIDAE,Podilymbus,podiceps,""
Horned Grebe,true,false,false,true,false,http://www.allaboutbirds.org/guide/horned_grebe/id,Grebes,PODICIPEDIFORMES,PODICIPEDIDAE,Podiceps,auritus,Eared Grebe
Red-necked Grebe,true,false,false,true,false,http://www.allaboutbirds.org/guide/rednecked_grebe/id,Grebes,PODICIPEDIFORMES,PODICIPEDIDAE,Podiceps,grisegena,""
Eared Grebe,true,false,false,true,false,http://www.allaboutbirds.org/guide/eared_grebe/id,Grebes,PODICIPEDIFORMES,PODICIPEDIDAE,Podiceps,nigricollis,Horned Grebe
Western Grebe,true,false,false,true,false,http://www.allaboutbirds.org/guide/western_grebe/id,Grebes,PODICIPEDIFORMES,PODICIPEDIDAE,Aechmophorus,occidentalis,""
Clark’s Grebe,true,false,false,false,false,http://www.allaboutbirds.org/guide/clarks_grebe/id,Grebes,PODICIPEDIFORMES,PODICIPEDIDAE,Aechmophorus,clarkii,""
Manx Shearwater,false,false,true,false,false,http://www.allaboutbirds.org/guide/manx_shearwater/id,,,,,,""
Wood Stork,false,false,true,false,false,http://www.allaboutbirds.org/guide/wood_stork/id,Storks,CICONIIFORMES,CICONIIDAE,Mycteria,americana,""
Double-crested Cormorant,true,false,false,false,true,http://www.allaboutbirds.org/guide/doublecrested_cormorant/id,"Frigatebirds, Boobies, Cormorants, Darters, and Allies",SULIFORMES,PHALACROCORACIDAE,Phalacrocorax,auritus,"Neotropic Cormorant, Great Cormorant, Brandt's Cormorant, Pelagic Cormorant"
American White Pelican,true,false,false,false,true,http://www.allaboutbirds.org/guide/american_white_pelican/id,"Pelicans, Herons, Ibises, and Allies",PELECANIFORMES,PELECANIDAE,Pelecanus,erythrorhynchos,""
American Bittern,true,false,false,false,true,http://www.allaboutbirds.org/guide/american_bittern/id,"Pelicans, Herons, Ibises, and Allies",PELECANIFORMES,ARDEIDAE,Botaurus,lentiginosus,""
Least Bittern,false,false,true,false,false,http://www.allaboutbirds.org/guide/least_bittern/id,"Pelicans, Herons, Ibises, and Allies",PELECANIFORMES,ARDEIDAE,Ixobrychus,exilis,""
Great Blue Heron,true,false,false,true,false,http://www.allaboutbirds.org/guide/great_blue_heron/id,"Pelicans, Herons, Ibises, and Allies",PELECANIFORMES,ARDEIDAE,Ardea,herodias,"Sandhill Crane, Great Egret, Little Blue Heron, Tricolored Heron"
Great Egret,false,false,true,false,false,http://www.allaboutbirds.org/guide/great_egret/id,"Pelicans, Herons, Ibises, and Allies",PELECANIFORMES,ARDEIDAE,Ardea,alba,"Great Blue Heron, Snowy Egret, Cattle Egret, Little Blue Heron, Reddish Egret"
Snowy Egret,true,false,false,false,false,http://www.allaboutbirds.org/guide/snowy_egret/id,"Pelicans, Herons, Ibises, and Allies",PELECANIFORMES,ARDEIDAE,Egretta,thula,""
Little Blue Heron,false,false,true,false,false,http://www.allaboutbirds.org/guide/little_blue_heron/id,"Pelicans, Herons, Ibises, and Allies",PELECANIFORMES,ARDEIDAE,Egretta,caerulea,"Tricolored Heron, Reddish Egret, Snowy Egret, Great Egret, Great Blue Heron, Cattle Egret"
Cattle Egret,false,false,true,false,false,http://www.allaboutbirds.org/guide/cattle_egret/id,"Pelicans, Herons, Ibises, and Allies",PELECANIFORMES,ARDEIDAE,Bubulcus,ibis,Great Egret
Green Heron,false,false,true,false,false,http://www.allaboutbirds.org/guide/green_heron/id,"Pelicans, Herons, Ibises, and Allies",PELECANIFORMES,ARDEIDAE,Butorides,virescens,"Least Bittern, Yellow-crowned Night-Heron, Black-crowned Night-Heron, Little Blue Heron, American Bittern"
Black-crowned Night-Heron,true,false,false,false,false,http://www.allaboutbirds.org/guide/blackcrowned_nightheron/id,"Pelicans, Herons, Ibises, and Allies",PELECANIFORMES,ARDEIDAE,Nycticorax,nycticorax,"Yellow-crowned Night-Heron, American Bittern, Green Heron"
Yellow-crowned Night-Heron,false,false,true,false,false,http://www.allaboutbirds.org/guide/yellowcrowned_nightheron/id,"Pelicans, Herons, Ibises, and Allies",PELECANIFORMES,ARDEIDAE,Nyctanassa,violacea,"Black-crowned Night-Heron, American Bittern"
Glossy Ibis,false,false,true,false,false,http://www.allaboutbirds.org/guide/glossy_ibis/id,"Pelicans, Herons, Ibises, and Allies",PELECANIFORMES,THRESKIORNITHIDAE,Plegadis,falcinellus,""
White-faced Ibis,true,false,false,false,false,http://www.allaboutbirds.org/guide/whitefaced_ibis/id,"Pelicans, Herons, Ibises, and Allies",PELECANIFORMES,THRESKIORNITHIDAE,Plegadis,chihi,""
Turkey Vulture,true,false,false,false,true,http://www.allaboutbirds.org/guide/turkey_vulture/id,"Hawks, Kites, Eagles, and Allies",ACCIPITRIFORMES,CATHARTIDAE,Cathartes,aura,"Black Vulture, Zone-tailed Hawk, Golden Eagle, Red-tailed Hawk"
Osprey,true,false,false,false,true,http://www.allaboutbirds.org/guide/osprey/id,"Hawks, Kites, Eagles, and Allies",ACCIPITRIFORMES,PANDIONIDAE,Pandion,haliaetus,"Bald Eagle, Red-tailed Hawk, Turkey Vulture"
White-tailed Kite,false,false,true,false,false,http://www.allaboutbirds.org/guide/whitetailed_kite/id,"Hawks, Kites, Eagles, and Allies",ACCIPITRIFORMES,ACCIPITRIDAE,Elanus,leucurus,Mississippi Kite
Mississippi Kite,false,false,true,false,false,http://www.allaboutbirds.org/guide/mississippi_kite/id,"Hawks, Kites, Eagles, and Allies",ACCIPITRIFORMES,ACCIPITRIDAE,Ictinia,mississippiensis,White-tailed Kite
Bald Eagle,true,false,false,true,false,http://www.allaboutbirds.org/guide/bald_eagle/id,"Hawks, Kites, Eagles, and Allies",ACCIPITRIFORMES,ACCIPITRIDAE,Haliaeetus,leucocephalus,"Golden Eagle, Red-tailed Hawk, Turkey Vulture, Black Vulture"
Northern Harrier,true,false,false,true,false,http://www.allaboutbirds.org/guide/northern_harrier/id,"Hawks, Kites, Eagles, and Allies",ACCIPITRIFORMES,ACCIPITRIDAE,Circus,cyaneus,"Rough-legged Hawk, Short-eared Owl, Cooper's Hawk"
Sharp-shinned Hawk,true,false,false,true,false,http://www.allaboutbirds.org/guide/sharpshinned_hawk/id,"Hawks, Kites, Eagles, and Allies",ACCIPITRIFORMES,ACCIPITRIDAE,Accipiter,striatus,"Cooper's Hawk, Merlin"
Cooper’s Hawk,true,false,false,true,false,http://www.allaboutbirds.org/guide/coopers_hawk/id,"Hawks, Kites, Eagles, and Allies",ACCIPITRIFORMES,ACCIPITRIDAE,Accipiter,cooperii,"Sharp-shinned Hawk, Red-tailed Hawk, Northern Goshawk, Northern Harrier, Merlin, Peregrine Falcon, Red-shouldered Hawk, Broad-winged Hawk"
Northern Goshawk,true,false,false,true,false,http://www.allaboutbirds.org/guide/northern_goshawk/id,"Hawks, Kites, Eagles, and Allies",ACCIPITRIFORMES,ACCIPITRIDAE,Accipiter,gentilis,Gyrfalcon
Red-shouldered Hawk,false,false,true,false,false,http://www.allaboutbirds.org/guide/redshouldered_hawk/id,"Hawks, Kites, Eagles, and Allies",ACCIPITRIFORMES,ACCIPITRIDAE,Buteo,lineatus,"Red-tailed Hawk, Broad-winged Hawk, Cooper's Hawk, Sharp-shinned Hawk"
Broad-winged Hawk,false,false,true,false,false,http://www.allaboutbirds.org/guide/broadwinged_hawk/id,"Hawks, Kites, Eagles, and Allies",ACCIPITRIFORMES,ACCIPITRIDAE,Buteo,platypterus,""
Swainson’s Hawk,true,false,false,false,true,http://www.allaboutbirds.org/guide/swainsons_hawk/id,"Hawks, Kites, Eagles, and Allies",ACCIPITRIFORMES,ACCIPITRIDAE,Buteo,swainsoni,"White-tailed Hawk, Red-tailed Hawk, Rough-legged Hawk, Ferruginous Hawk"
Red-tailed Hawk,true,false,false,true,false,http://www.allaboutbirds.org/guide/redtailed_hawk/id,"Hawks, Kites, Eagles, and Allies",ACCIPITRIFORMES,ACCIPITRIDAE,Buteo,jamaicensis,"Red-shouldered Hawk, Swainson's Hawk, Cooper's Hawk, Rough-legged Hawk, Ferruginous Hawk, Broad-winged Hawk, Northern Goshawk, Northern Harrier"
Ferruginous Hawk,true,false,false,true,false,http://www.allaboutbirds.org/guide/ferruginous_hawk/id,"Hawks, Kites, Eagles, and Allies",ACCIPITRIFORMES,ACCIPITRIDAE,Buteo,regalis,"Red-tailed Hawk, Rough-legged Hawk"
Rough-legged Hawk,false,false,true,true,false,http://www.allaboutbirds.org/guide/roughlegged_hawk/id,"Hawks, Kites, Eagles, and Allies",ACCIPITRIFORMES,ACCIPITRIDAE,Buteo,lagopus,""
Golden Eagle,true,false,false,true,false,http://www.allaboutbirds.org/guide/golden_eagle/id,"Hawks, Kites, Eagles, and Allies",ACCIPITRIFORMES,ACCIPITRIDAE,Aquila,chrysaetos,"Ferruginous Hawk, Turkey Vulture, Bald Eagle"
Crested Caracara,false,false,true,false,false,http://www.allaboutbirds.org/guide/crested_caracara/id,Caracaras and Falcons,FALCONIFORMES,FALCONIDAE,Caracara,cheriway,""
American Kestrel,true,false,false,true,false,http://www.allaboutbirds.org/guide/american_kestrel/id,Caracaras and Falcons,FALCONIFORMES,FALCONIDAE,Falco,sparverius,"Sharp-shinned Hawk, Merlin"
Merlin,true,false,false,true,false,http://www.allaboutbirds.org/guide/merlin/id,Caracaras and Falcons,FALCONIFORMES,FALCONIDAE,Falco,columbarius,"American Kestrel, Prairie Falcon, Sharp-shinned Hawk"
Gyrfalcon,false,false,true,true,false,http://www.allaboutbirds.org/guide/gyrfalcon/id,Caracaras and Falcons,FALCONIFORMES,FALCONIDAE,Falco,rusticolus,"Peregrine Falcon, Prairie Falcon"
Peregrine Falcon,true,false,false,true,false,http://www.allaboutbirds.org/guide/peregrine_falcon/id,Caracaras and Falcons,FALCONIFORMES,FALCONIDAE,Falco,peregrinus,"Gyrfalcon, Prairie Falcon, American Kestrel, Merlin"
Prairie Falcon,true,false,false,true,false,http://www.allaboutbirds.org/guide/prairie_falcon/id,Caracaras and Falcons,FALCONIFORMES,FALCONIDAE,Falco,mexicanus,""
Yellow Rail,false,true,false,false,false,http://www.allaboutbirds.org/guide/yellow_rail/id,Cranes and Rails,GRUIFORMES,RALLIDAE,Coturnicops,noveboracensis,""
Virginia Rail,true,false,false,true,false,http://www.allaboutbirds.org/guide/virginia_rail/id,Cranes and Rails,GRUIFORMES,RALLIDAE,Rallus,limicola,""
Sora,true,false,false,false,true,http://www.allaboutbirds.org/guide/sora/id,Cranes and Rails,GRUIFORMES,RALLIDAE,Porzana,carolina,""
Common Gallinule,false,false,true,false,false,http://www.allaboutbirds.org/guide/common_gallinule/id,Cranes and Rails,GRUIFORMES,RALLIDAE,Gallinula,galeata,"Purple Gallinule, American Coot"
American Coot,true,false,false,true,false,http://www.allaboutbirds.org/guide/american_coot/id,Cranes and Rails,GRUIFORMES,RALLIDAE,Fulica,americana,"Common Gallinule, Purple Gallinule, Pied-billed Grebe"
Sandhill Crane,true,false,false,true,false,http://www.allaboutbirds.org/guide/sandhill_crane/id,Cranes and Rails,GRUIFORMES,GRUIDAE,Grus,canadensis,"Great Blue Heron, Whooping Crane"
Whooping Crane,false,false,true,false,false,http://www.allaboutbirds.org/guide/whooping_crane/id,Cranes and Rails,GRUIFORMES,GRUIDAE,Grus,americana,"Sandhill Crane, Great Egret, American White Pelican, Snow Goose"
Black-bellied Plover,false,false,true,false,false,http://www.allaboutbirds.org/guide/blackbellied_plover/id,"Plovers, Sandpipers, and Allies",CHARADRIIFORMES,CHARADRIIDAE,Pluvialis,squatarola,"American Golden-Plover, Pacific Golden-Plover"
American Golden-Plover,false,false,true,false,false,http://www.allaboutbirds.org/guide/american_goldenplover/id,"Plovers, Sandpipers, and Allies",CHARADRIIFORMES,CHARADRIIDAE,Pluvialis,dominica,""
Snowy Plover,false,true,false,false,false,http://www.allaboutbirds.org/guide/snowy_plover/id,"Plovers, Sandpipers, and Allies",CHARADRIIFORMES,CHARADRIIDAE,Charadrius,nivosus,""
Semipalmated Plover,false,false,true,false,false,http://www.allaboutbirds.org/guide/semipalmated_plover/id,"Plovers, Sandpipers, and Allies",CHARADRIIFORMES,CHARADRIIDAE,Charadrius,semipalmatus,""
Piping Plover,true,false,false,false,false,http://www.allaboutbirds.org/guide/piping_plover/id,"Plovers, Sandpipers, and Allies",CHARADRIIFORMES,CHARADRIIDAE,Charadrius,melodus,""
Killdeer,true,false,false,true,false,http://www.allaboutbirds.org/guide/killdeer/id,"Plovers, Sandpipers, and Allies",CHARADRIIFORMES,CHARADRIIDAE,Charadrius,vociferus,"Wilson's Plover, Semipalmated Plover, Snowy Plover, Ruddy Turnstone, Piping Plover"
Mountain Plover,true,false,false,false,false,http://www.allaboutbirds.org/guide/mountain_plover/id,"Plovers, Sandpipers, and Allies",CHARADRIIFORMES,CHARADRIIDAE,Charadrius,montanus,""
Black-necked Stilt,true,false,false,false,false,http://www.allaboutbirds.org/guide/blacknecked_stilt/id,"Plovers, Sandpipers, and Allies",CHARADRIIFORMES,RECURVIROSTRIDAE,Himantopus,mexicanus,American Avocet
American Avocet,true,false,false,false,false,http://www.allaboutbirds.org/guide/american_avocet/id,"Plovers, Sandpipers, and Allies",CHARADRIIFORMES,RECURVIROSTRIDAE,Recurvirostra,americana,"Black-necked Stilt, Hudsonian Godwit"
Spotted Sandpiper,true,false,false,false,true,http://www.allaboutbirds.org/guide/spotted_sandpiper/id,"Plovers, Sandpipers, and Allies",CHARADRIIFORMES,SCOLOPACIDAE,Actitis,macularius,"Solitary Sandpiper, Wandering Tattler, Lesser Yellowlegs"
Solitary Sandpiper,false,true,false,false,false,http://www.allaboutbirds.org/guide/solitary_sandpiper/id,"Plovers, Sandpipers, and Allies",CHARADRIIFORMES,SCOLOPACIDAE,Tringa,solitaria,""
Greater Yellowlegs,false,false,true,false,true,http://www.allaboutbirds.org/guide/greater_yellowlegs/id,"Plovers, Sandpipers, and Allies",CHARADRIIFORMES,SCOLOPACIDAE,Tringa,melanoleuca,""
Willet,true,false,false,false,false,http://www.allaboutbirds.org/guide/willet/id,"Plovers, Sandpipers, and Allies",CHARADRIIFORMES,SCOLOPACIDAE,Tringa,semipalmata,"Greater Yellowlegs, Wandering Tattler, Long-billed Dowitcher, Marbled Godwit, American Avocet"
Lesser Yellowlegs,false,false,true,false,false,http://www.allaboutbirds.org/guide/lesser_yellowlegs/id,"Plovers, Sandpipers, and Allies",CHARADRIIFORMES,SCOLOPACIDAE,Tringa,flavipes,""
Upland Sandpiper,true,false,false,false,false,http://www.allaboutbirds.org/guide/upland_sandpiper/id,"Plovers, Sandpipers, and Allies",CHARADRIIFORMES,SCOLOPACIDAE,Bartramia,longicauda,""
Whimbrel,false,false,true,false,false,http://www.allaboutbirds.org/guide/whimbrel/id,"Plovers, Sandpipers, and Allies",CHARADRIIFORMES,SCOLOPACIDAE,Numenius,phaeopus,""
Long-billed Curlew,true,false,false,false,false,http://www.allaboutbirds.org/guide/longbilled_curlew/id,"Plovers, Sandpipers, and Allies",CHARADRIIFORMES,SCOLOPACIDAE,Numenius,americanus,""
Hudsonian Godwit,false,false,true,false,false,http://www.allaboutbirds.org/guide/hudsonian_godwit/id,"Plovers, Sandpipers, and Allies",CHARADRIIFORMES,SCOLOPACIDAE,Limosa,haemastica,""
Marbled Godwit,true,false,false,false,false,http://www.allaboutbirds.org/guide/marbled_godwit/id,"Plovers, Sandpipers, and Allies",CHARADRIIFORMES,SCOLOPACIDAE,Limosa,fedoa,""
Ruddy Turnstone,false,false,true,false,false,http://www.allaboutbirds.org/guide/ruddy_turnstone/id,"Plovers, Sandpipers, and Allies",CHARADRIIFORMES,SCOLOPACIDAE,Arenaria,interpres,""
Black Turnstone,false,false,true,false,false,http://www.allaboutbirds.org/guide/black_turnstone/id,"Plovers, Sandpipers, and Allies",CHARADRIIFORMES,SCOLOPACIDAE,Arenaria,melanocephala,Ruddy Turnstone
Red Knot,false,false,true,false,false,http://www.allaboutbirds.org/guide/red_knot/id,"Plovers, Sandpipers, and Allies",CHARADRIIFORMES,SCOLOPACIDAE,Calidris,canutus,""
Sanderling,false,false,true,false,false,http://www.allaboutbirds.org/guide/sanderling/id,"Plovers, Sandpipers, and Allies",CHARADRIIFORMES,SCOLOPACIDAE,Calidris,alba,"Semipalmated Sandpiper, Dunlin, White-rumped Sandpiper"
Semipalmated Sandpiper,false,false,true,false,false,http://www.allaboutbirds.org/guide/semipalmated_sandpiper/id,"Plovers, Sandpipers, and Allies",CHARADRIIFORMES,SCOLOPACIDAE,Calidris,pusilla,""
Western Sandpiper,false,false,true,false,false,http://www.allaboutbirds.org/guide/western_sandpiper/id,"Plovers, Sandpipers, and Allies",CHARADRIIFORMES,SCOLOPACIDAE,Calidris,mauri,""
Least Sandpiper,false,false,true,false,false,http://www.allaboutbirds.org/guide/least_sandpiper/id,"Plovers, Sandpipers, and Allies",CHARADRIIFORMES,SCOLOPACIDAE,Calidris,minutilla,""
White-rumped Sandpiper,false,false,true,false,false,http://www.allaboutbirds.org/guide/whiterumped_sandpiper/id,"Plovers, Sandpipers, and Allies",CHARADRIIFORMES,SCOLOPACIDAE,Calidris,fuscicollis,""
Baird’s Sandpiper,false,false,true,false,false,http://www.allaboutbirds.org/guide/bairds_sandpiper/id,"Plovers, Sandpipers, and Allies",CHARADRIIFORMES,SCOLOPACIDAE,Calidris,bairdii,""
Pectoral Sandpiper,false,false,true,false,false,http://www.allaboutbirds.org/guide/pectoral_sandpiper/id,"Plovers, Sandpipers, and Allies",CHARADRIIFORMES,SCOLOPACIDAE,Calidris,melanotos,""
Sharp-tailed Sandpiper,false,false,true,false,false,http://www.allaboutbirds.org/guide/sharptailed_sandpiper/id,,,,,,""
Dunlin,false,false,true,true,false,http://www.allaboutbirds.org/guide/dunlin/id,"Plovers, Sandpipers, and Allies",CHARADRIIFORMES,SCOLOPACIDAE,Calidris,alpina,""
Curlew Sandpiper,false,false,true,false,false,http://www.allaboutbirds.org/guide/curlew_sandpiper/id,,,,,,""
Stilt Sandpiper,false,false,true,false,false,http://www.allaboutbirds.org/guide/stilt_sandpiper/id,"Plovers, Sandpipers, and Allies",CHARADRIIFORMES,SCOLOPACIDAE,Calidris,himantopus,""
Buff-breasted Sandpiper,false,false,true,false,false,http://www.allaboutbirds.org/guide/buffbreasted_sandpiper/id,"Plovers, Sandpipers, and Allies",CHARADRIIFORMES,SCOLOPACIDAE,Calidris,subruficollis,""
Short-billed Dowitcher,false,false,true,false,false,http://www.allaboutbirds.org/guide/shortbilled_dowitcher/id,"Plovers, Sandpipers, and Allies",CHARADRIIFORMES,SCOLOPACIDAE,Limnodromus,griseus,""
Long-billed Dowitcher,false,false,true,false,false,http://www.allaboutbirds.org/guide/longbilled_dowitcher/id,"Plovers, Sandpipers, and Allies",CHARADRIIFORMES,SCOLOPACIDAE,Limnodromus,scolopaceus,""
Wilson’s Snipe,true,false,false,true,false,http://www.allaboutbirds.org/guide/wilsons_snipe/id,"Plovers, Sandpipers, and Allies",CHARADRIIFORMES,SCOLOPACIDAE,Gallinago,delicata,"American Woodcock, Short-billed Dowitcher"
American Woodcock,false,false,true,false,true,http://www.allaboutbirds.org/guide/american_woodcock/id,"Plovers, Sandpipers, and Allies",CHARADRIIFORMES,SCOLOPACIDAE,Scolopax,minor,"Wilson's Snipe, Killdeer"
Wilson’s Phalarope,true,false,false,false,false,http://www.allaboutbirds.org/guide/wilsons_phalarope/id,"Plovers, Sandpipers, and Allies",CHARADRIIFORMES,SCOLOPACIDAE,Phalaropus,tricolor,""
Red-necked Phalarope,false,false,true,false,false,http://www.allaboutbirds.org/guide/rednecked_phalarope/id,,,,,,""
Red Phalarope,false,false,true,false,false,http://www.allaboutbirds.org/guide/red_phalarope/id,,,,,,""
Black-legged Kittiwake,false,false,true,false,true,http://www.allaboutbirds.org/guide/blacklegged_kittiwake/id,"Plovers, Sandpipers, and Allies",CHARADRIIFORMES,LARIDAE,Rissa,tridactyla,""
Sabine’s Gull,false,false,true,false,false,http://www.allaboutbirds.org/guide/sabines_gull/id,"Plovers, Sandpipers, and Allies",CHARADRIIFORMES,LARIDAE,Xema,sabini,""
Bonaparte’s Gull,false,false,true,false,false,http://www.allaboutbirds.org/guide/bonapartes_gull/id,"Plovers, Sandpipers, and Allies",CHARADRIIFORMES,LARIDAE,Chroicocephalus,philadelphia,""
Little Gull,false,false,true,false,false,http://www.allaboutbirds.org/guide/little_gull/id,"Plovers, Sandpipers, and Allies",CHARADRIIFORMES,LARIDAE,Hydrocoloeus,minutus,""
Ross’s Gull,false,false,true,false,false,http://www.allaboutbirds.org/guide/rosss_gull/id,"Plovers, Sandpipers, and Allies",CHARADRIIFORMES,LARIDAE,Rhodostethia,rosea,""
Laughing Gull,false,false,true,false,false,http://www.allaboutbirds.org/guide/laughing_gull/id,"Plovers, Sandpipers, and Allies",CHARADRIIFORMES,LARIDAE,Leucophaeus,atricilla,"Franklin's Gull, Bonaparte's Gull, Ring-billed Gull, Lesser Black-backed Gull"
Franklin’s Gull,true,false,false,false,false,http://www.allaboutbirds.org/guide/franklins_gull/id,"Plovers, Sandpipers, and Allies",CHARADRIIFORMES,LARIDAE,Leucophaeus,pipixcan,""
Mew Gull,false,false,true,true,false,http://www.allaboutbirds.org/guide/mew_gull/id,"Plovers, Sandpipers, and Allies",CHARADRIIFORMES,LARIDAE,Larus,canus,""
Ring-billed Gull,true,false,false,true,false,http://www.allaboutbirds.org/guide/ringbilled_gull/id,"Plovers, Sandpipers, and Allies",CHARADRIIFORMES,LARIDAE,Larus,delawarensis,"Herring Gull, California Gull, Mew Gull"
California Gull,true,false,false,true,false,http://www.allaboutbirds.org/guide/california_gull/id,"Plovers, Sandpipers, and Allies",CHARADRIIFORMES,LARIDAE,Larus,californicus,"Herring Gull, Ring-billed Gull, Mew Gull, Thayer's Gull"
Herring Gull,true,false,false,true,false,http://www.allaboutbirds.org/guide/herring_gull/id,"Plovers, Sandpipers, and Allies",CHARADRIIFORMES,LARIDAE,Larus,argentatus,"Ring-billed Gull, California Gull"
Thayer’s Gull,false,false,true,true,false,http://www.allaboutbirds.org/guide/thayers_gull/id,"Plovers, Sandpipers, and Allies",CHARADRIIFORMES,LARIDAE,Larus,thayeri,""
Iceland Gull,false,false,true,true,false,http://www.allaboutbirds.org/guide/iceland_gull/id,"Plovers, Sandpipers, and Allies",CHARADRIIFORMES,LARIDAE,Larus,glaucoides,""
Lesser Black-backed Gull,false,false,true,false,false,http://www.allaboutbirds.org/guide/lesser_blackbacked_gull/id,"Plovers, Sandpipers, and Allies",CHARADRIIFORMES,LARIDAE,Larus,fuscus,""
Glaucous-winged Gull,false,false,true,true,false,http://www.allaboutbirds.org/guide/glaucouswinged_gull/id,"Plovers, Sandpipers, and Allies",CHARADRIIFORMES,LARIDAE,Larus,glaucescens,""
Glaucous Gull,false,false,true,true,false,http://www.allaboutbirds.org/guide/glaucous_gull/id,"Plovers, Sandpipers, and Allies",CHARADRIIFORMES,LARIDAE,Larus,hyperboreus,""
Great Black-backed Gull,false,false,true,false,true,http://www.allaboutbirds.org/guide/great_blackbacked_gull/id,"Plovers, Sandpipers, and Allies",CHARADRIIFORMES,LARIDAE,Larus,marinus,"Lesser Black-backed Gull, Western Gull"
Least Tern,true,false,false,false,false,http://www.allaboutbirds.org/guide/least_tern/id,"Plovers, Sandpipers, and Allies",CHARADRIIFORMES,LARIDAE,Sternula,antillarum,""
Caspian Tern,true,false,false,false,false,http://www.allaboutbirds.org/guide/caspian_tern/id,"Plovers, Sandpipers, and Allies",CHARADRIIFORMES,LARIDAE,Hydroprogne,caspia,Royal Tern
Black Tern,true,false,false,false,false,http://www.allaboutbirds.org/guide/black_tern/id,"Plovers, Sandpipers, and Allies",CHARADRIIFORMES,LARIDAE,Chlidonias,niger,""
Common Tern,true,false,false,false,false,http://www.allaboutbirds.org/guide/common_tern/id,"Plovers, Sandpipers, and Allies",CHARADRIIFORMES,LARIDAE,Sterna,hirundo,"Arctic Tern, Forster's Tern, Roseate Tern"
Arctic Tern,true,false,false,false,false,http://www.allaboutbirds.org/guide/arctic_tern/id,"Plovers, Sandpipers, and Allies",CHARADRIIFORMES,LARIDAE,Sterna,paradisaea,""
Forster’s Tern,true,false,false,false,false,http://www.allaboutbirds.org/guide/forsters_tern/id,"Plovers, Sandpipers, and Allies",CHARADRIIFORMES,LARIDAE,Sterna,forsteri,""
Pomarine Jaeger,false,false,true,false,false,http://www.allaboutbirds.org/guide/pomarine_jaeger/id,,,,,,""
Parasitic Jaeger,false,false,true,false,false,http://www.allaboutbirds.org/guide/parasitic_jaeger/id,,,,,,""
Long-tailed Jaeger,false,false,true,false,false,http://www.allaboutbirds.org/guide/longtailed_jaeger/id,,,,,,""
Long-billed Murrelet,false,false,true,false,false,http://www.allaboutbirds.org/guide/longbilled_murrelet/id,,,,,,""
Ancient Murrelet,false,false,true,false,true,http://www.allaboutbirds.org/guide/ancient_murrelet/id,"Plovers, Sandpipers, and Allies",CHARADRIIFORMES,ALCIDAE,Synthliboramphus,antiquus,""
Rock Pigeon,true,false,false,true,false,http://www.allaboutbirds.org/guide/rock_pigeon/id,Pigeons and Doves,COLUMBIFORMES,COLUMBIDAE,Columba,livia,"Band-tailed Pigeon, Eurasian Collared-Dove"
Band-tailed Pigeon,false,false,true,false,false,http://www.allaboutbirds.org/guide/bandtailed_pigeon/id,Pigeons and Doves,COLUMBIFORMES,COLUMBIDAE,Patagioenas,fasciata,Rock Pigeon
Eurasian Collared-Dove,true,false,false,true,false,http://www.allaboutbirds.org/guide/eurasian_collareddove/id,Pigeons and Doves,COLUMBIFORMES,COLUMBIDAE,Streptopelia,decaocto,"African Collared-Dove, Mourning Dove, White-winged Dove"
White-winged Dove,false,false,true,false,false,http://www.allaboutbirds.org/guide/whitewinged_dove/id,Pigeons and Doves,COLUMBIFORMES,COLUMBIDAE,Zenaida,asiatica,"White-tipped Dove, Rock Pigeon, Mourning Dove, Eurasian Collared-Dove"
Mourning Dove,true,false,false,true,false,http://www.allaboutbirds.org/guide/mourning_dove/id,Pigeons and Doves,COLUMBIFORMES,COLUMBIDAE,Zenaida,macroura,"Inca Dove, White-winged Dove, Eurasian Collared-Dove, Rock Pigeon"
Inca Dove,false,false,true,false,false,http://www.allaboutbirds.org/guide/inca_dove/id,Pigeons and Doves,COLUMBIFORMES,COLUMBIDAE,Columbina,inca,"Mourning Dove, Common Ground-Dove"
Yellow-billed Cuckoo,false,true,false,false,false,http://www.allaboutbirds.org/guide/yellowbilled_cuckoo/id,Cuckoos,CUCULIFORMES,CUCULIDAE,Coccyzus,americanus,Black-billed Cuckoo
Black-billed Cuckoo,true,false,false,false,false,http://www.allaboutbirds.org/guide/blackbilled_cuckoo/id,Cuckoos,CUCULIFORMES,CUCULIDAE,Coccyzus,erythropthalmus,""
Barn Owl,true,false,false,false,true,http://www.allaboutbirds.org/guide/barn_owl/id,Owls,STRIGIFORMES,TYTONIDAE,Tyto,alba,"Short-eared Owl, Snowy Owl, Great Horned Owl, Long-eared Owl"
Flammulated Owl,true,false,false,false,true,http://www.allaboutbirds.org/guide/flammulated_owl/id,Owls,STRIGIFORMES,STRIGIDAE,Psiloscops,flammeolus,""
Western Screech-Owl,true,false,false,false,true,http://www.allaboutbirds.org/guide/western_screechowl/id,Owls,STRIGIFORMES,STRIGIDAE,Megascops,kennicottii,""
Eastern Screech-Owl,true,false,false,true,false,http://www.allaboutbirds.org/guide/eastern_screechowl/id,Owls,STRIGIFORMES,STRIGIDAE,Megascops,asio,"Western Screech-Owl, Northern Saw-whet Owl"
Great Horned Owl,true,false,false,true,false,http://www.allaboutbirds.org/guide/great_horned_owl/id,Owls,STRIGIFORMES,STRIGIDAE,Bubo,virginianus,"Long-eared Owl, Barred Owl"
Snowy Owl,false,false,true,true,false,http://www.allaboutbirds.org/guide/snowy_owl/id,Owls,STRIGIFORMES,STRIGIDAE,Bubo,scandiacus,"Barn Owl, Gyrfalcon, Red-tailed Hawk"
Northern Hawk Owl,true,false,false,true,false,http://www.allaboutbirds.org/guide/northern_hawk_owl/id,Owls,STRIGIFORMES,STRIGIDAE,Surnia,ulula,""
Northern Pygmy-Owl,true,false,false,true,false,http://www.allaboutbirds.org/guide/northern_pygmyowl/id,Owls,STRIGIFORMES,STRIGIDAE,Glaucidium,gnoma,""
Burrowing Owl,true,false,false,false,true,http://www.allaboutbirds.org/guide/burrowing_owl/id,Owls,STRIGIFORMES,STRIGIDAE,Athene,cunicularia,Short-eared Owl
Barred Owl,true,false,false,true,false,http://www.allaboutbirds.org/guide/barred_owl/id,Owls,STRIGIFORMES,STRIGIDAE,Strix,varia,"Spotted Owl, Great Horned Owl"
Great Gray Owl,true,false,false,true,false,http://www.allaboutbirds.org/guide/great_gray_owl/id,Owls,STRIGIFORMES,STRIGIDAE,Strix,nebulosa,Barred Owl
Long-eared Owl,true,false,false,true,false,http://www.allaboutbirds.org/guide/longeared_owl/id,Owls,STRIGIFORMES,STRIGIDAE,Asio,otus,"Great Horned Owl, Short-eared Owl"
Short-eared Owl,true,false,false,true,false,http://www.allaboutbirds.org/guide/shorteared_owl/id,Owls,STRIGIFORMES,STRIGIDAE,Asio,flammeus,Long-eared Owl
Boreal Owl,true,false,false,true,false,http://www.allaboutbirds.org/guide/boreal_owl/id,Owls,STRIGIFORMES,STRIGIDAE,Aegolius,funereus,""
Northern Saw-whet Owl,true,false,false,true,false,http://www.allaboutbirds.org/guide/northern_sawwhet_owl/id,Owls,STRIGIFORMES,STRIGIDAE,Aegolius,acadicus,"Boreal Owl, Eastern Screech-Owl, Western Screech-Owl, Barred Owl"
Common Nighthawk,true,false,false,false,false,http://www.allaboutbirds.org/guide/common_nighthawk/id,Nightjars,CAPRIMULGIFORMES,CAPRIMULGIDAE,Chordeiles,minor,"Eastern Whip-poor-will, Chuck-will's-widow"
Common Poorwill,true,false,false,false,false,http://www.allaboutbirds.org/guide/common_poorwill/id,Nightjars,CAPRIMULGIFORMES,CAPRIMULGIDAE,Phalaenoptilus,nuttallii,""
Whip-poor-will sp.,false,false,true,false,false,http://www.allaboutbirds.org/guide/whippoorwill_sp/id,,,,,,""
Black Swift,true,false,false,false,false,http://www.allaboutbirds.org/guide/black_swift/id,,,,,,""
Chimney Swift,true,false,false,false,false,http://www.allaboutbirds.org/guide/chimney_swift/id,Swifts and Hummingbirds,APODIFORMES,APODIDAE,Chaetura,pelagica,""
Vaux’s Swift,true,false,false,false,false,http://www.allaboutbirds.org/guide/vauxs_swift/id,Swifts and Hummingbirds,APODIFORMES,APODIDAE,Chaetura,vauxi,""
White-throated Swift,true,false,false,false,false,http://www.allaboutbirds.org/guide/whitethroated_swift/id,Swifts and Hummingbirds,APODIFORMES,APODIDAE,Aeronautes,saxatalis,""
Ruby-throated Hummingbird,true,false,false,false,false,http://www.allaboutbirds.org/guide/rubythroated_hummingbird/id,Swifts and Hummingbirds,APODIFORMES,TROCHILIDAE,Archilochus,colubris,"Anna's Hummingbird, Black-chinned Hummingbird, Broad-tailed Hummingbird, Calliope Hummingbird, Rufous Hummingbird, Costa's Hummingbird"
Black-chinned Hummingbird,true,false,false,false,false,http://www.allaboutbirds.org/guide/blackchinned_hummingbird/id,Swifts and Hummingbirds,APODIFORMES,TROCHILIDAE,Archilochus,alexandri,"Anna's Hummingbird, Broad-tailed Hummingbird, Calliope Hummingbird, Rufous Hummingbird, Ruby-throated Hummingbird, Costa's Hummingbird"
Anna’s Hummingbird,false,false,true,true,false,http://www.allaboutbirds.org/guide/annas_hummingbird/id,Swifts and Hummingbirds,APODIFORMES,TROCHILIDAE,Calypte,anna,"Costa's Hummingbird, Black-chinned Hummingbird, Broad-tailed Hummingbird, Rufous Hummingbird"
Costa’s Hummingbird,false,false,true,false,false,http://www.allaboutbirds.org/guide/costas_hummingbird/id,Swifts and Hummingbirds,APODIFORMES,TROCHILIDAE,Calypte,costae,""
Calliope Hummingbird,true,false,false,false,false,http://www.allaboutbirds.org/guide/calliope_hummingbird/id,Swifts and Hummingbirds,APODIFORMES,TROCHILIDAE,Selasphorus,calliope,""
Broad-tailed Hummingbird,true,false,false,false,false,http://www.allaboutbirds.org/guide/broadtailed_hummingbird/id,Swifts and Hummingbirds,APODIFORMES,TROCHILIDAE,Selasphorus,platycercus,"Rufous Hummingbird, Ruby-throated Hummingbird"
Rufous Hummingbird,true,false,false,false,false,http://www.allaboutbirds.org/guide/rufous_hummingbird/id,Swifts and Hummingbirds,APODIFORMES,TROCHILIDAE,Selasphorus,rufus,"Allen's Hummingbird, Broad-tailed Hummingbird, Ruby-throated Hummingbird"
Belted Kingfisher,true,false,false,true,false,http://www.allaboutbirds.org/guide/belted_kingfisher/id,Kingfishers and Allies,CORACIIFORMES,ALCEDINIDAE,Megaceryle,alcyon,Blue Jay
Lewis’s Woodpecker,true,false,false,true,false,http://www.allaboutbirds.org/guide/lewiss_woodpecker/id,Woodpeckers,PICIFORMES,PICIDAE,Melanerpes,lewis,""
Red-headed Woodpecker,true,false,false,false,true,http://www.allaboutbirds.org/guide/redheaded_woodpecker/id,Woodpeckers,PICIFORMES,PICIDAE,Melanerpes,erythrocephalus,"Pileated Woodpecker, Red-bellied Woodpecker, Golden-fronted Woodpecker"
Red-bellied Woodpecker,false,false,true,false,false,http://www.allaboutbirds.org/guide/redbellied_woodpecker/id,Woodpeckers,PICIFORMES,PICIDAE,Melanerpes,carolinus,"Yellow-bellied Sapsucker, Gila Woodpecker, Golden-fronted Woodpecker, Red-headed Woodpecker, Northern Flicker"
Williamson’s Sapsucker,true,false,false,false,false,http://www.allaboutbirds.org/guide/williamsons_sapsucker/id,Woodpeckers,PICIFORMES,PICIDAE,Sphyrapicus,thyroideus,""
Yellow-bellied Sapsucker,false,false,true,false,false,http://www.allaboutbirds.org/guide/yellowbellied_sapsucker/id,Woodpeckers,PICIFORMES,PICIDAE,Sphyrapicus,varius,"Red-naped Sapsucker, Red-breasted Sapsucker, Downy Woodpecker, Hairy Woodpecker"
Red-naped Sapsucker,true,false,false,false,true,http://www.allaboutbirds.org/guide/rednaped_sapsucker/id,Woodpeckers,PICIFORMES,PICIDAE,Sphyrapicus,nuchalis,""
Downy Woodpecker,true,false,false,true,false,http://www.allaboutbirds.org/guide/downy_woodpecker/id,Woodpeckers,PICIFORMES,PICIDAE,Picoides,pubescens,"Yellow-bellied Sapsucker, White-breasted Nuthatch, Hairy Woodpecker, Ladder-backed Woodpecker, Red-cockaded Woodpecker, Nuttall's Woodpecker"
Hairy Woodpecker,true,false,false,true,false,http://www.allaboutbirds.org/guide/hairy_woodpecker/id,Woodpeckers,PICIFORMES,PICIDAE,Picoides,villosus,"Yellow-bellied Sapsucker, Downy Woodpecker, Ladder-backed Woodpecker, Red-cockaded Woodpecker, Nuttall's Woodpecker"
White-headed Woodpecker,false,false,true,false,true,http://www.allaboutbirds.org/guide/whiteheaded_woodpecker/id,Woodpeckers,PICIFORMES,PICIDAE,Picoides,albolarvatus,""
American Three-toed Woodpecker,true,false,false,true,false,http://www.allaboutbirds.org/guide/american_threetoed_woodpecker/id,Woodpeckers,PICIFORMES,PICIDAE,Picoides,dorsalis,""
Black-backed Woodpecker,true,false,false,true,false,http://www.allaboutbirds.org/guide/blackbacked_woodpecker/id,Woodpeckers,PICIFORMES,PICIDAE,Picoides,arcticus,""
Northern Flicker,true,false,false,true,false,http://www.allaboutbirds.org/guide/northern_flicker/id,Woodpeckers,PICIFORMES,PICIDAE,Colaptes,auratus,"Yellow-bellied Sapsucker, Eastern Meadowlark, Gilded Flicker, Red-bellied Woodpecker"
Pileated Woodpecker,true,false,false,true,false,http://www.allaboutbirds.org/guide/pileated_woodpecker/id,Woodpeckers,PICIFORMES,PICIDAE,Dryocopus,pileatus,"Red-headed Woodpecker, American Crow"
Olive-sided Flycatcher,true,false,false,false,false,http://www.allaboutbirds.org/guide/olivesided_flycatcher/id,Perching Birds,PASSERIFORMES,TYRANNIDAE,Contopus,cooperi,"Eastern Wood-Pewee, Western Wood-Pewee, Greater Pewee"
Western Wood-Pewee,true,false,false,false,false,http://www.allaboutbirds.org/guide/western_woodpewee/id,Perching Birds,PASSERIFORMES,TYRANNIDAE,Contopus,sordidulus,""
Eastern Wood-Pewee,false,false,true,false,false,http://www.allaboutbirds.org/guide/eastern_woodpewee/id,Perching Birds,PASSERIFORMES,TYRANNIDAE,Contopus,virens,"Western Wood-Pewee, Olive-sided Flycatcher, Eastern Phoebe, Willow Flycatcher, Acadian Flycatcher"
Yellow-bellied Flycatcher,false,false,true,false,false,http://www.allaboutbirds.org/guide/yellowbellied_flycatcher/id,Perching Birds,PASSERIFORMES,TYRANNIDAE,Empidonax,flaviventris,""
Alder Flycatcher,false,true,false,false,false,http://www.allaboutbirds.org/guide/alder_flycatcher/id,Perching Birds,PASSERIFORMES,TYRANNIDAE,Empidonax,alnorum,""
Willow Flycatcher,true,false,false,false,false,http://www.allaboutbirds.org/guide/willow_flycatcher/id,Perching Birds,PASSERIFORMES,TYRANNIDAE,Empidonax,traillii,""
Least Flycatcher,true,false,false,false,false,http://www.allaboutbirds.org/guide/least_flycatcher/id,Perching Birds,PASSERIFORMES,TYRANNIDAE,Empidonax,minimus,"Willow Flycatcher, Alder Flycatcher, Acadian Flycatcher, Eastern Wood-Pewee"
Hammond’s Flycatcher,true,false,false,false,false,http://www.allaboutbirds.org/guide/hammonds_flycatcher/id,Perching Birds,PASSERIFORMES,TYRANNIDAE,Empidonax,hammondii,""
Gray Flycatcher,true,false,false,false,false,http://www.allaboutbirds.org/guide/gray_flycatcher/id,Perching Birds,PASSERIFORMES,TYRANNIDAE,Empidonax,wrightii,""
Dusky Flycatcher,true,false,false,false,false,http://www.allaboutbirds.org/guide/dusky_flycatcher/id,Perching Birds,PASSERIFORMES,TYRANNIDAE,Empidonax,oberholseri,""
Cordilleran Flycatcher,true,false,false,false,false,http://www.allaboutbirds.org/guide/cordilleran_flycatcher/id,Perching Birds,PASSERIFORMES,TYRANNIDAE,Empidonax,occidentalis,""
Eastern Phoebe,false,false,true,false,true,http://www.allaboutbirds.org/guide/eastern_phoebe/id,Perching Birds,PASSERIFORMES,TYRANNIDAE,Sayornis,phoebe,"Say's Phoebe, Black Phoebe, Dark-eyed Junco, Eastern Wood-Pewee, Willow Flycatcher, Least Flycatcher"
Say’s Phoebe,true,false,false,false,true,http://www.allaboutbirds.org/guide/says_phoebe/id,Perching Birds,PASSERIFORMES,TYRANNIDAE,Sayornis,saya,"Vermilion Flycatcher, Eastern Phoebe, Black Phoebe, Scissor-tailed Flycatcher"
Vermilion Flycatcher,false,false,false,false,true,http://www.allaboutbirds.org/guide/vermilion_flycatcher/id,Perching Birds,PASSERIFORMES,TYRANNIDAE,Pyrocephalus,rubinus,Say's Phoebe
Ash-throated Flycatcher,false,false,true,false,false,http://www.allaboutbirds.org/guide/ashthroated_flycatcher/id,Perching Birds,PASSERIFORMES,TYRANNIDAE,Myiarchus,cinerascens,Great Crested Flycatcher
Great Crested Flycatcher,false,false,true,false,false,http://www.allaboutbirds.org/guide/great_crested_flycatcher/id,Perching Birds,PASSERIFORMES,TYRANNIDAE,Myiarchus,crinitus,""
Cassin’s Kingbird,true,false,false,false,false,http://www.allaboutbirds.org/guide/cassins_kingbird/id,Perching Birds,PASSERIFORMES,TYRANNIDAE,Tyrannus,vociferans,""
Western Kingbird,true,false,false,false,true,http://www.allaboutbirds.org/guide/western_kingbird/id,Perching Birds,PASSERIFORMES,TYRANNIDAE,Tyrannus,verticalis,"Cassin's Kingbird, Tropical Kingbird, Couch's Kingbird"
Eastern Kingbird,true,false,false,false,false,http://www.allaboutbirds.org/guide/eastern_kingbird/id,Perching Birds,PASSERIFORMES,TYRANNIDAE,Tyrannus,tyrannus,Eastern Phoebe
Scissor-tailed Flycatcher,false,false,true,false,false,http://www.allaboutbirds.org/guide/scissortailed_flycatcher/id,Perching Birds,PASSERIFORMES,TYRANNIDAE,Tyrannus,forficatus,"Western Kingbird, Say's Phoebe"
Loggerhead Shrike,true,false,false,true,false,http://www.allaboutbirds.org/guide/loggerhead_shrike/id,Perching Birds,PASSERIFORMES,LANIIDAE,Lanius,ludovicianus,"Northern Shrike, Northern Mockingbird"
Northern Shrike,false,false,true,true,false,http://www.allaboutbirds.org/guide/northern_shrike/id,Perching Birds,PASSERIFORMES,LANIIDAE,Lanius,excubitor,"Loggerhead Shrike, Northern Mockingbird"
White-eyed Vireo,false,true,false,false,false,http://www.allaboutbirds.org/guide/whiteeyed_vireo/id,Perching Birds,PASSERIFORMES,VIREONIDAE,Vireo,griseus,""
Yellow-throated Vireo,false,true,false,false,false,http://www.allaboutbirds.org/guide/yellowthroated_vireo/id,Perching Birds,PASSERIFORMES,VIREONIDAE,Vireo,flavifrons,""
Plumbeous Vireo,true,false,false,false,false,http://www.allaboutbirds.org/guide/plumbeous_vireo/id,Perching Birds,PASSERIFORMES,VIREONIDAE,Vireo,plumbeus,""
Cassin’s Vireo,true,false,false,false,false,http://www.allaboutbirds.org/guide/cassins_vireo/id,Perching Birds,PASSERIFORMES,VIREONIDAE,Vireo,cassinii,""
Blue-headed Vireo,false,false,true,false,false,http://www.allaboutbirds.org/guide/blueheaded_vireo/id,Perching Birds,PASSERIFORMES,VIREONIDAE,Vireo,solitarius,"Bell's Vireo, Cassin's Vireo, Plumbeous Vireo"
Warbling Vireo,true,false,false,false,false,http://www.allaboutbirds.org/guide/warbling_vireo/id,Perching Birds,PASSERIFORMES,VIREONIDAE,Vireo,gilvus,"Red-eyed Vireo, Philadelphia Vireo, Bell's Vireo"
Philadelphia Vireo,false,false,true,false,false,http://www.allaboutbirds.org/guide/philadelphia_vireo/id,Perching Birds,PASSERIFORMES,VIREONIDAE,Vireo,philadelphicus,""
Red-eyed Vireo,true,false,false,false,false,http://www.allaboutbirds.org/guide/redeyed_vireo/id,Perching Birds,PASSERIFORMES,VIREONIDAE,Vireo,olivaceus,"Warbling Vireo, Tennessee Warbler, Philadelphia Vireo"
Gray Jay,true,false,false,true,false,http://www.allaboutbirds.org/guide/gray_jay/id,Perching Birds,PASSERIFORMES,CORVIDAE,Perisoreus,canadensis,""
Pinyon Jay,true,false,false,true,false,http://www.allaboutbirds.org/guide/pinyon_jay/id,Perching Birds,PASSERIFORMES,CORVIDAE,Gymnorhinus,cyanocephalus,""
Steller’s Jay,true,false,false,true,false,http://www.allaboutbirds.org/guide/stellers_jay/id,Perching Birds,PASSERIFORMES,CORVIDAE,Cyanocitta,stelleri,"Blue Jay, Western Scrub-Jay, Pinyon Jay"
Blue Jay,true,false,false,true,false,http://www.allaboutbirds.org/guide/blue_jay/id,Perching Birds,PASSERIFORMES,CORVIDAE,Cyanocitta,cristata,"Western Scrub-Jay, Steller's Jay, Eastern Bluebird, Pinyon Jay"
Western Scrub-Jay,false,false,true,true,false,http://www.allaboutbirds.org/guide/western_scrubjay/id,Perching Birds,PASSERIFORMES,CORVIDAE,Aphelocoma,californica,"Blue Jay, Western Bluebird, Steller's Jay, Florida Scrub-Jay, Pinyon Jay, Mexican Jay"
Clark’s Nutcracker,true,false,false,true,false,http://www.allaboutbirds.org/guide/clarks_nutcracker/id,Perching Birds,PASSERIFORMES,CORVIDAE,Nucifraga,columbiana,Gray Jay
Black-billed Magpie,true,false,false,true,false,http://www.allaboutbirds.org/guide/blackbilled_magpie/id,Perching Birds,PASSERIFORMES,CORVIDAE,Pica,hudsonia,Yellow-billed Magpie
American Crow,true,false,false,true,false,http://www.allaboutbirds.org/guide/american_crow/id,Perching Birds,PASSERIFORMES,CORVIDAE,Corvus,brachyrhynchos,"Common Raven, Fish Crow, Northwestern Crow, Common Grackle, Great-tailed Grackle, Boat-tailed Grackle, Brewer's Blackbird"
Common Raven,true,false,false,true,false,http://www.allaboutbirds.org/guide/common_raven/id,Perching Birds,PASSERIFORMES,CORVIDAE,Corvus,corax,"American Crow, Common Grackle, Great-tailed Grackle, Fish Crow"
Horned Lark,true,false,false,true,false,http://www.allaboutbirds.org/guide/horned_lark/id,Perching Birds,PASSERIFORMES,ALAUDIDAE,Eremophila,alpestris,"American Pipit, Smith's Longspur"
Purple Martin,true,false,false,false,false,http://www.allaboutbirds.org/guide/purple_martin/id,Perching Birds,PASSERIFORMES,HIRUNDINIDAE,Progne,subis,"Tree Swallow, Barn Swallow, European Starling"
Tree Swallow,true,false,false,false,false,http://www.allaboutbirds.org/guide/tree_swallow/id,Perching Birds,PASSERIFORMES,HIRUNDINIDAE,Tachycineta,bicolor,"Bank Swallow, Northern Rough-winged Swallow, Violet-green Swallow"
Violet-green Swallow,true,false,false,false,false,http://www.allaboutbirds.org/guide/violetgreen_swallow/id,Perching Birds,PASSERIFORMES,HIRUNDINIDAE,Tachycineta,thalassina,Tree Swallow
Northern Rough-winged Swallow,true,false,false,false,false,http://www.allaboutbirds.org/guide/northern_roughwinged_swallow/id,Perching Birds,PASSERIFORMES,HIRUNDINIDAE,Stelgidopteryx,serripennis,""
Bank Swallow,true,false,false,false,false,http://www.allaboutbirds.org/guide/bank_swallow/id,Perching Birds,PASSERIFORMES,HIRUNDINIDAE,Riparia,riparia,"Tree Swallow, Northern Rough-winged Swallow"
Cliff Swallow,true,false,false,false,false,http://www.allaboutbirds.org/guide/cliff_swallow/id,Perching Birds,PASSERIFORMES,HIRUNDINIDAE,Petrochelidon,pyrrhonota,"Barn Swallow, Cave Swallow"
Barn Swallow,true,false,false,false,false,http://www.allaboutbirds.org/guide/barn_swallow/id,Perching Birds,PASSERIFORMES,HIRUNDINIDAE,Hirundo,rustica,"Cliff Swallow, Tree Swallow"
Black-capped Chickadee,true,false,false,true,false,http://www.allaboutbirds.org/guide/blackcapped_chickadee/id,Perching Birds,PASSERIFORMES,PARIDAE,Poecile,atricapillus,"Carolina Chickadee, Mountain Chickadee, Chestnut-backed Chickadee, Boreal Chickadee, White-breasted Nuthatch"
Mountain Chickadee,true,false,false,true,false,http://www.allaboutbirds.org/guide/mountain_chickadee/id,Perching Birds,PASSERIFORMES,PARIDAE,Poecile,gambeli,"Black-capped Chickadee, Boreal Chickadee, Bridled Titmouse, Bushtit, Chestnut-backed Chickadee"
Chestnut-sided Chickadee,true,false,false,true,false,http://www.allaboutbirds.org/guide/chestnutsided_chickadee/id,,,,,,""
Boreal Chickadee,true,false,false,true,false,http://www.allaboutbirds.org/guide/boreal_chickadee/id,Perching Birds,PASSERIFORMES,PARIDAE,Poecile,hudsonicus,""
Red-breasted Nuthatch,true,false,false,true,false,http://www.allaboutbirds.org/guide/redbreasted_nuthatch/id,Perching Birds,PASSERIFORMES,SITTIDAE,Sitta,canadensis,"Black-and-white Warbler, White-breasted Nuthatch, Brown Creeper, Brown-headed Nuthatch, Pygmy Nuthatch"
White-breasted Nuthatch,true,false,false,true,false,http://www.allaboutbirds.org/guide/whitebreasted_nuthatch/id,Perching Birds,PASSERIFORMES,SITTIDAE,Sitta,carolinensis,"Black-capped Chickadee, Brown Creeper, Brown-headed Nuthatch, Pygmy Nuthatch, Red-breasted Nuthatch"
Pygmy Nuthatch,true,false,false,true,false,http://www.allaboutbirds.org/guide/pygmy_nuthatch/id,Perching Birds,PASSERIFORMES,SITTIDAE,Sitta,pygmaea,"Brown-headed Nuthatch, Bushtit, Red-breasted Nuthatch, White-breasted Nuthatch"
Brown Creeper,true,false,false,true,false,http://www.allaboutbirds.org/guide/brown_creeper/id,Perching Birds,PASSERIFORMES,CERTHIIDAE,Certhia,americana,"White-breasted Nuthatch, House Wren, Black-and-white Warbler"
Rock Wren,true,false,false,false,true,http://www.allaboutbirds.org/guide/rock_wren/id,Perching Birds,PASSERIFORMES,TROGLODYTIDAE,Salpinctes,obsoletus,""
Canyon Wren,true,false,false,true,false,http://www.allaboutbirds.org/guide/canyon_wren/id,Perching Birds,PASSERIFORMES,TROGLODYTIDAE,Catherpes,mexicanus,""
Carolina Wren,false,false,true,false,false,http://www.allaboutbirds.org/guide/carolina_wren/id,Perching Birds,PASSERIFORMES,TROGLODYTIDAE,Thryothorus,ludovicianus,"Bewick's Wren, House Wren"
Bewick’s Wren,false,false,true,true,false,http://www.allaboutbirds.org/guide/bewicks_wren/id,Perching Birds,PASSERIFORMES,TROGLODYTIDAE,Thryomanes,bewickii,"House Wren, Carolina Wren, Bushtit, Wrentit"
House Wren,true,false,false,false,true,http://www.allaboutbirds.org/guide/house_wren/id,Perching Birds,PASSERIFORMES,TROGLODYTIDAE,Troglodytes,aedon,"Bewick's Wren, Winter Wren, Brown Creeper, Carolina Wren, Common Yellowthroat"
Pacific Wren,true,false,false,true,false,http://www.allaboutbirds.org/guide/pacific_wren/id,Perching Birds,PASSERIFORMES,TROGLODYTIDAE,Troglodytes,pacificus,""
Winter Wren,false,false,true,false,false,http://www.allaboutbirds.org/guide/winter_wren/id,Perching Birds,PASSERIFORMES,TROGLODYTIDAE,Troglodytes,hiemalis,House Wren
Sedge Wren,true,false,false,false,false,http://www.allaboutbirds.org/guide/sedge_wren/id,Perching Birds,PASSERIFORMES,TROGLODYTIDAE,Cistothorus,platensis,""
Marsh Wren,true,false,false,true,false,http://www.allaboutbirds.org/guide/marsh_wren/id,Perching Birds,PASSERIFORMES,TROGLODYTIDAE,Cistothorus,palustris,""
Blue-gray Gnatcatcher,true,false,false,false,false,http://www.allaboutbirds.org/guide/bluegray_gnatcatcher/id,Perching Birds,PASSERIFORMES,POLIOPTILIDAE,Polioptila,caerulea,Golden-crowned Kinglet
American Dipper,true,false,false,true,false,http://www.allaboutbirds.org/guide/american_dipper/id,Perching Birds,PASSERIFORMES,CINCLIDAE,Cinclus,mexicanus,""
Golden-crowned Kinglet,true,false,false,true,false,http://www.allaboutbirds.org/guide/goldencrowned_kinglet/id,Perching Birds,PASSERIFORMES,REGULIDAE,Regulus,satrapa,Ruby-crowned Kinglet
Ruby-crowned Kinglet,true,false,false,true,false,http://www.allaboutbirds.org/guide/rubycrowned_kinglet/id,Perching Birds,PASSERIFORMES,REGULIDAE,Regulus,calendula,"Golden-crowned Kinglet, Hutton's Vireo"
Eastern Bluebird,true,false,false,true,false,http://www.allaboutbirds.org/guide/eastern_bluebird/id,Perching Birds,PASSERIFORMES,TURDIDAE,Sialia,sialis,"Black-throated Blue Warbler, Blue Jay, Western Bluebird, Indigo Bunting, Lazuli Bunting, Mountain Bluebird"
Western Bluebird,true,false,false,false,true,http://www.allaboutbirds.org/guide/western_bluebird/id,Perching Birds,PASSERIFORMES,TURDIDAE,Sialia,mexicana,"Mountain Bluebird, Eastern Bluebird"
Mountain Bluebird,true,false,false,false,true,http://www.allaboutbirds.org/guide/mountain_bluebird/id,Perching Birds,PASSERIFORMES,TURDIDAE,Sialia,currucoides,"Eastern Bluebird, Western Bluebird"
Townsend’s Solitaire,true,false,false,true,false,http://www.allaboutbirds.org/guide/townsends_solitaire/id,Perching Birds,PASSERIFORMES,TURDIDAE,Myadestes,townsendi,Mountain Bluebird
Veery,true,false,false,false,false,http://www.allaboutbirds.org/guide/veery/id,Perching Birds,PASSERIFORMES,TURDIDAE,Catharus,fuscescens,Swainson's Thrush
Gray-cheeked Thrush,false,false,true,false,false,http://www.allaboutbirds.org/guide/graycheeked_thrush/id,Perching Birds,PASSERIFORMES,TURDIDAE,Catharus,minimus,""
Swainson’s Thrush,true,false,false,false,false,http://www.allaboutbirds.org/guide/swainsons_thrush/id,Perching Birds,PASSERIFORMES,TURDIDAE,Catharus,ustulatus,"Hermit Thrush, Gray-cheeked Thrush, Veery, Wood Thrush"
Hermit Thrush,true,false,false,false,true,http://www.allaboutbirds.org/guide/hermit_thrush/id,Perching Birds,PASSERIFORMES,TURDIDAE,Catharus,guttatus,"Swainson's Thrush, Veery, Gray-cheeked Thrush, Wood Thrush"
Wood Thrush,false,false,true,false,false,http://www.allaboutbirds.org/guide/wood_thrush/id,Perching Birds,PASSERIFORMES,TURDIDAE,Hylocichla,mustelina,"American Robin, Hermit Thrush, Ovenbird, Swainson's Thrush"
American Robin,true,false,false,true,false,http://www.allaboutbirds.org/guide/american_robin/id,Perching Birds,PASSERIFORMES,TURDIDAE,Turdus,migratorius,"Eastern Bluebird, Eastern Towhee, Orchard Oriole, Say's Phoebe, Varied Thrush, Vermilion Flycatcher, Wood Thrush"
Varied Thrush,true,false,false,true,false,http://www.allaboutbirds.org/guide/varied_thrush/id,Perching Birds,PASSERIFORMES,TURDIDAE,Ixoreus,naevius,American Robin
Gray Catbird,true,false,false,false,true,http://www.allaboutbirds.org/guide/gray_catbird/id,Perching Birds,PASSERIFORMES,MIMIDAE,Dumetella,carolinensis,"Blue-gray Gnatcatcher, Brown-headed Cowbird, Northern Mockingbird, Phainopepla, Townsend's Solitaire"
Northern Mockingbird,true,false,false,true,false,http://www.allaboutbirds.org/guide/northern_mockingbird/id,Perching Birds,PASSERIFORMES,MIMIDAE,Mimus,polyglottos,"Loggerhead Shrike, Northern Shrike, Blue-gray Gnatcatcher, Townsend's Solitaire, Gray Catbird"
Sage Thrasher,true,false,false,false,false,http://www.allaboutbirds.org/guide/sage_thrasher/id,Perching Birds,PASSERIFORMES,MIMIDAE,Oreoscoptes,montanus,""
Brown Thrasher,true,false,false,true,false,http://www.allaboutbirds.org/guide/brown_thrasher/id,Perching Birds,PASSERIFORMES,MIMIDAE,Toxostoma,rufum,"Wood Thrush, Long-billed Thrasher"
Curve-billed Thrasher,false,false,true,true,false,http://www.allaboutbirds.org/guide/curvebilled_thrasher/id,Perching Birds,PASSERIFORMES,MIMIDAE,Toxostoma,curvirostre,"Bendire's Thrasher, Crissal Thrasher"
European Starling,true,false,false,true,false,http://www.allaboutbirds.org/guide/european_starling/id,Perching Birds,PASSERIFORMES,STURNIDAE,Sturnus,vulgaris,"Brewer's Blackbird, Brown-headed Cowbird, Common Grackle, Rusty Blackbird, Red-winged Blackbird"
Siberian Accentor,false,false,true,true,false,http://www.allaboutbirds.org/guide/siberian_accentor/id,,,,,,""
American Pipit,true,false,false,true,false,http://www.allaboutbirds.org/guide/american_pipit/id,Perching Birds,PASSERIFORMES,MOTACILLIDAE,Anthus,rubescens,"Sprague's Pipit, Vesper Sparrow"
Sprague’s Pipit,true,false,false,false,false,http://www.allaboutbirds.org/guide/spragues_pipit/id,Perching Birds,PASSERIFORMES,MOTACILLIDAE,Anthus,spragueii,""
Bohemian Waxwing,false,true,false,true,false,http://www.allaboutbirds.org/guide/bohemian_waxwing/id,Perching Birds,PASSERIFORMES,BOMBYCILLIDAE,Bombycilla,garrulus,Cedar Waxwing
Cedar Waxwing,true,false,false,true,false,http://www.allaboutbirds.org/guide/cedar_waxwing/id,Perching Birds,PASSERIFORMES,BOMBYCILLIDAE,Bombycilla,cedrorum,Bohemian Waxwing
Lapland Longspur,false,false,true,true,false,http://www.allaboutbirds.org/guide/lapland_longspur/id,Perching Birds,PASSERIFORMES,CALCARIIDAE,Calcarius,lapponicus,""
Chestnut-collared Longspur,true,false,false,false,false,http://www.allaboutbirds.org/guide/chestnutcollared_longspur/id,Perching Birds,PASSERIFORMES,CALCARIIDAE,Calcarius,ornatus,""
Smith’s Longspur,false,false,true,false,false,http://www.allaboutbirds.org/guide/smiths_longspur/id,Perching Birds,PASSERIFORMES,CALCARIIDAE,Calcarius,pictus,""
McCown’s Longspur,true,false,false,false,false,http://www.allaboutbirds.org/guide/mccowns_longspur/id,Perching Birds,PASSERIFORMES,CALCARIIDAE,Rhynchophanes,mccownii,""
Snow Bunting,false,false,true,true,false,http://www.allaboutbirds.org/guide/snow_bunting/id,Perching Birds,PASSERIFORMES,CALCARIIDAE,Plectrophenax,nivalis,""
Ovenbird,true,false,false,false,false,http://www.allaboutbirds.org/guide/ovenbird/id,Perching Birds,PASSERIFORMES,PARULIDAE,Seiurus,aurocapilla,"Northern Waterthrush, Louisiana Waterthrush, Swainson's Thrush, Wood Thrush, Song Sparrow"
Northern Waterthrush,true,false,false,false,false,http://www.allaboutbirds.org/guide/northern_waterthrush/id,Perching Birds,PASSERIFORMES,PARULIDAE,Parkesia,noveboracensis,""
Golden-winged Warbler,false,false,true,false,false,http://www.allaboutbirds.org/guide/goldenwinged_warbler/id,Perching Birds,PASSERIFORMES,PARULIDAE,Vermivora,chrysoptera,""
Blue-winged Warbler,false,false,true,false,false,http://www.allaboutbirds.org/guide/bluewinged_warbler/id,Perching Birds,PASSERIFORMES,PARULIDAE,Vermivora,cyanoptera,""
Black-and-White Warbler,true,false,false,false,false,http://www.allaboutbirds.org/guide/blackandwhite_warbler/id,Perching Birds,PASSERIFORMES,PARULIDAE,Mniotilta,varia,Blackpoll Warbler
Prothonotary Warbler,false,false,true,false,false,http://www.allaboutbirds.org/guide/prothonotary_warbler/id,Perching Birds,PASSERIFORMES,PARULIDAE,Protonotaria,citrea,""
Tennessee Warbler,true,false,false,false,false,http://www.allaboutbirds.org/guide/tennessee_warbler/id,Perching Birds,PASSERIFORMES,PARULIDAE,Oreothlypis,peregrina,""
Orange-crowned Warbler,true,false,false,false,false,http://www.allaboutbirds.org/guide/orangecrowned_warbler/id,Perching Birds,PASSERIFORMES,PARULIDAE,Oreothlypis,celata,"Tennessee Warbler, Yellow Warbler, Philadelphia Vireo, Nashville Warbler, Hutton's Vireo, Common Yellowthroat"
Nashville Warbler,true,false,false,false,false,http://www.allaboutbirds.org/guide/nashville_warbler/id,Perching Birds,PASSERIFORMES,PARULIDAE,Oreothlypis,ruficapilla,""
Connecticut Warbler,false,false,true,false,false,http://www.allaboutbirds.org/guide/connecticut_warbler/id,Perching Birds,PASSERIFORMES,PARULIDAE,Oporornis,agilis,""
MacGillivray’s Warbler,true,false,false,false,false,http://www.allaboutbirds.org/guide/macgillivrays_warbler/id,Perching Birds,PASSERIFORMES,PARULIDAE,Geothlypis,tolmiei,""
Mourning Warbler,false,false,true,false,false,http://www.allaboutbirds.org/guide/mourning_warbler/id,Perching Birds,PASSERIFORMES,PARULIDAE,Geothlypis,philadelphia,""
Kentucky Warbler,false,false,true,false,false,http://www.allaboutbirds.org/guide/kentucky_warbler/id,Perching Birds,PASSERIFORMES,PARULIDAE,Geothlypis,formosa,""
Common Yellowthroat,true,false,false,false,true,http://www.allaboutbirds.org/guide/common_yellowthroat/id,Perching Birds,PASSERIFORMES,PARULIDAE,Geothlypis,trichas,"Connecticut Warbler, Nashville Warbler, American Goldfinch"
Hooded Warbler,false,false,true,false,false,http://www.allaboutbirds.org/guide/hooded_warbler/id,Perching Birds,PASSERIFORMES,PARULIDAE,Setophaga,citrina,""
American Redstart,true,false,false,false,false,http://www.allaboutbirds.org/guide/american_redstart/id,Perching Birds,PASSERIFORMES,PARULIDAE,Setophaga,ruticilla,"Blackburnian Warbler, Magnolia Warbler, Baltimore Oriole"
Cape May Warbler,false,false,true,false,false,http://www.allaboutbirds.org/guide/cape_may_warbler/id,Perching Birds,PASSERIFORMES,PARULIDAE,Setophaga,tigrina,""
Northern Parula,false,false,true,false,false,http://www.allaboutbirds.org/guide/northern_parula/id,Perching Birds,PASSERIFORMES,PARULIDAE,Setophaga,americana,""
Magnolia Warbler,false,false,true,false,false,http://www.allaboutbirds.org/guide/magnolia_warbler/id,Perching Birds,PASSERIFORMES,PARULIDAE,Setophaga,magnolia,"American Redstart, Canada Warbler, Nashville Warbler, Cape May Warbler"
Bay-breasted Warbler,false,false,true,false,false,http://www.allaboutbirds.org/guide/baybreasted_warbler/id,Perching Birds,PASSERIFORMES,PARULIDAE,Setophaga,castanea,""
Blackburnian Warbler,false,false,true,false,false,http://www.allaboutbirds.org/guide/blackburnian_warbler/id,Perching Birds,PASSERIFORMES,PARULIDAE,Setophaga,fusca,""
Yellow Warbler,true,false,false,false,false,http://www.allaboutbirds.org/guide/yellow_warbler/id,Perching Birds,PASSERIFORMES,PARULIDAE,Setophaga,petechia,"Wilson's Warbler, Hooded Warbler, Orange-crowned Warbler, Palm Warbler"
Chestnut-sided Warbler,false,false,true,false,false,http://www.allaboutbirds.org/guide/chestnutsided_warbler/id,Perching Birds,PASSERIFORMES,PARULIDAE,Setophaga,pensylvanica,Bay-breasted Warbler
Blackpoll Warbler,false,false,true,false,false,http://www.allaboutbirds.org/guide/blackpoll_warbler/id,Perching Birds,PASSERIFORMES,PARULIDAE,Setophaga,striata,"Bay-breasted Warbler, Black-and-white Warbler, Pine Warbler"
Black-throated Blue Warbler,false,false,true,false,true,http://www.allaboutbirds.org/guide/blackthroated_blue_warbler/id,Perching Birds,PASSERIFORMES,PARULIDAE,Setophaga,caerulescens,Tennessee Warbler
Palm Warbler,false,false,true,false,true,http://www.allaboutbirds.org/guide/palm_warbler/id,Perching Birds,PASSERIFORMES,PARULIDAE,Setophaga,palmarum,""
Pine Warbler,false,false,true,false,false,http://www.allaboutbirds.org/guide/pine_warbler/id,Perching Birds,PASSERIFORMES,PARULIDAE,Setophaga,pinus,"Yellow-throated Vireo, Bay-breasted Warbler, Blackpoll Warbler, Cape May Warbler, Yellow Warbler"
Yellow-rumped Warbler,true,false,false,true,false,http://www.allaboutbirds.org/guide/yellowrumped_warbler/id,Perching Birds,PASSERIFORMES,PARULIDAE,Setophaga,coronata,"Magnolia Warbler, Yellow-throated Warbler, Black-and-white Warbler"
Yellow-throated Warbler,false,false,true,true,false,http://www.allaboutbirds.org/guide/yellowthroated_warbler/id,Perching Birds,PASSERIFORMES,PARULIDAE,Setophaga,dominica,""
Prairie Warbler,false,false,true,false,false,http://www.allaboutbirds.org/guide/prairie_warbler/id,Perching Birds,PASSERIFORMES,PARULIDAE,Setophaga,discolor,""
Black-throated Gray Warbler,true,false,false,false,true,http://www.allaboutbirds.org/guide/blackthroated_gray_warbler/id,Perching Birds,PASSERIFORMES,PARULIDAE,Setophaga,nigrescens,""
Townsend’s Warbler,true,false,false,false,false,http://www.allaboutbirds.org/guide/townsends_warbler/id,Perching Birds,PASSERIFORMES,PARULIDAE,Setophaga,townsendi,""
Black-throated Green Warbler,false,false,true,false,false,http://www.allaboutbirds.org/guide/blackthroated_green_warbler/id,Perching Birds,PASSERIFORMES,PARULIDAE,Setophaga,virens,"Golden-cheeked Warbler, Townsend's Warbler, Hermit Warbler"
Canada Warbler,false,false,true,false,false,http://www.allaboutbirds.org/guide/canada_warbler/id,Perching Birds,PASSERIFORMES,PARULIDAE,Cardellina,canadensis,""
Wilson’s Warbler,true,false,false,false,false,http://www.allaboutbirds.org/guide/wilsons_warbler/id,Perching Birds,PASSERIFORMES,PARULIDAE,Cardellina,pusilla,""
Painted Redstart,false,false,true,false,false,http://www.allaboutbirds.org/guide/painted_redstart/id,Perching Birds,PASSERIFORMES,PARULIDAE,Myioborus,pictus,""
Yellow-breasted Chat,true,false,false,false,false,http://www.allaboutbirds.org/guide/yellowbreasted_chat/id,Perching Birds,PASSERIFORMES,PARULIDAE,Icteria,virens,Yellow-throated Vireo
Green-tailed Towhee,true,false,false,true,false,http://www.allaboutbirds.org/guide/greentailed_towhee/id,Perching Birds,PASSERIFORMES,EMBERIZIDAE,Pipilo,chlorurus,""
Spotted Towhee,true,false,false,true,false,http://www.allaboutbirds.org/guide/spotted_towhee/id,Perching Birds,PASSERIFORMES,EMBERIZIDAE,Pipilo,maculatus,"Bullock's Oriole, Eastern Towhee"
Eastern Towhee,false,false,true,false,false,http://www.allaboutbirds.org/guide/eastern_towhee/id,Perching Birds,PASSERIFORMES,EMBERIZIDAE,Pipilo,erythrophthalmus,"American Redstart, American Robin, Baltimore Oriole, Spotted Towhee, Dark-eyed Junco"
American Tree Sparrow,false,false,true,true,false,http://www.allaboutbirds.org/guide/american_tree_sparrow/id,Perching Birds,PASSERIFORMES,EMBERIZIDAE,Spizella,arborea,"Chipping Sparrow, Field Sparrow, Song Sparrow, Lark Sparrow"
Chipping Sparrow,true,false,false,true,false,http://www.allaboutbirds.org/guide/chipping_sparrow/id,Perching Birds,PASSERIFORMES,EMBERIZIDAE,Spizella,passerina,"American Tree Sparrow, Field Sparrow, Lark Sparrow"
Clay-colored Sparrow,true,false,false,false,false,http://www.allaboutbirds.org/guide/claycolored_sparrow/id,Perching Birds,PASSERIFORMES,EMBERIZIDAE,Spizella,pallida,Chipping Sparrow
Brewer’s Sparrow,true,false,false,false,false,http://www.allaboutbirds.org/guide/brewers_sparrow/id,Perching Birds,PASSERIFORMES,EMBERIZIDAE,Spizella,breweri,""
Field Sparrow,true,false,false,false,false,http://www.allaboutbirds.org/guide/field_sparrow/id,Perching Birds,PASSERIFORMES,EMBERIZIDAE,Spizella,pusilla,"Chipping Sparrow, American Tree Sparrow"
Vesper Sparrow,true,false,false,false,true,http://www.allaboutbirds.org/guide/vesper_sparrow/id,Perching Birds,PASSERIFORMES,EMBERIZIDAE,Pooecetes,gramineus,"Savannah Sparrow, Song Sparrow, American Pipit"
Lark Sparrow,true,false,false,false,false,http://www.allaboutbirds.org/guide/lark_sparrow/id,Perching Birds,PASSERIFORMES,EMBERIZIDAE,Chondestes,grammacus,""
Black-throated Sparrow,false,false,true,false,false,http://www.allaboutbirds.org/guide/blackthroated_sparrow/id,Perching Birds,PASSERIFORMES,EMBERIZIDAE,Amphispiza,bilineata,""
Sage Sparrow,true,false,false,false,false,http://www.allaboutbirds.org/guide/sage_sparrow/id,Perching Birds,PASSERIFORMES,EMBERIZIDAE,Artemisiospiza,nevadensis,Black-throated Sparrow
Lark Bunting,true,false,false,false,false,http://www.allaboutbirds.org/guide/lark_bunting/id,Perching Birds,PASSERIFORMES,EMBERIZIDAE,Calamospiza,melanocorys,""
Savannah Sparrow,true,false,false,false,true,http://www.allaboutbirds.org/guide/savannah_sparrow/id,Perching Birds,PASSERIFORMES,EMBERIZIDAE,Passerculus,sandwichensis,"Song Sparrow, Vesper Sparrow, White-throated Sparrow, American Pipit"
Grasshopper Sparrow,true,false,false,false,false,http://www.allaboutbirds.org/guide/grasshopper_sparrow/id,Perching Birds,PASSERIFORMES,EMBERIZIDAE,Ammodramus,savannarum,""
Baird’s Sparrow,true,false,false,false,false,http://www.allaboutbirds.org/guide/bairds_sparrow/id,Perching Birds,PASSERIFORMES,EMBERIZIDAE,Ammodramus,bairdii,""
Le Conte’s Sparrow,true,false,false,false,true,http://www.allaboutbirds.org/guide/le_contes_sparrow/id,Perching Birds,PASSERIFORMES,EMBERIZIDAE,Ammodramus,leconteii,""
Nelson’s Sparrow,true,false,false,false,false,http://www.allaboutbirds.org/guide/nelsons_sparrow/id,Perching Birds,PASSERIFORMES,EMBERIZIDAE,Ammodramus,nelsoni,""
Fox Sparrow,true,false,false,false,true,http://www.allaboutbirds.org/guide/fox_sparrow/id,Perching Birds,PASSERIFORMES,EMBERIZIDAE,Passerella,iliaca,"Song Sparrow, Savannah Sparrow"
Song Sparrow,true,false,false,true,false,http://www.allaboutbirds.org/guide/song_sparrow/id,Perching Birds,PASSERIFORMES,EMBERIZIDAE,Melospiza,melodia,"Vesper Sparrow, White-throated Sparrow, Swamp Sparrow, Savannah Sparrow, Fox Sparrow, Lincoln's Sparrow"
Lincoln’s Sparrow,true,false,false,false,true,http://www.allaboutbirds.org/guide/lincolns_sparrow/id,Perching Birds,PASSERIFORMES,EMBERIZIDAE,Melospiza,lincolnii,""
Swamp Sparrow,false,false,true,true,false,http://www.allaboutbirds.org/guide/swamp_sparrow/id,Perching Birds,PASSERIFORMES,EMBERIZIDAE,Melospiza,georgiana,""
White-throated Sparrow,false,false,true,true,false,http://www.allaboutbirds.org/guide/whitethroated_sparrow/id,Perching Birds,PASSERIFORMES,EMBERIZIDAE,Zonotrichia,albicollis,"White-crowned Sparrow, Song Sparrow, Golden-crowned Sparrow"
Harris’s Sparrow,false,false,true,true,false,http://www.allaboutbirds.org/guide/harriss_sparrow/id,Perching Birds,PASSERIFORMES,EMBERIZIDAE,Zonotrichia,querula,"House Sparrow, Lapland Longspur"
White-crowned Sparrow,true,false,false,true,false,http://www.allaboutbirds.org/guide/whitecrowned_sparrow/id,Perching Birds,PASSERIFORMES,EMBERIZIDAE,Zonotrichia,leucophrys,"White-throated Sparrow, Golden-crowned Sparrow, House Sparrow"
Golden-crowned Sparrow,false,true,false,false,true,http://www.allaboutbirds.org/guide/goldencrowned_sparrow/id,Perching Birds,PASSERIFORMES,EMBERIZIDAE,Zonotrichia,atricapilla,"White-throated Sparrow, White-crowned Sparrow, Song Sparrow"
Dark-eyed Junco,true,false,false,true,false,http://www.allaboutbirds.org/guide/darkeyed_junco/id,Perching Birds,PASSERIFORMES,EMBERIZIDAE,Junco,hyemalis,"White-throated Sparrow, Black Phoebe, Spotted Towhee"
Summer Tanager,false,false,true,false,false,http://www.allaboutbirds.org/guide/summer_tanager/id,Perching Birds,PASSERIFORMES,CARDINALIDAE,Piranga,rubra,"Hepatic Tanager, Scarlet Tanager, Western Tanager"
Scarlet Tanager,false,false,true,false,false,http://www.allaboutbirds.org/guide/scarlet_tanager/id,Perching Birds,PASSERIFORMES,CARDINALIDAE,Piranga,olivacea,"Summer Tanager, Western Tanager"
Western Tanager,true,false,false,false,false,http://www.allaboutbirds.org/guide/western_tanager/id,Perching Birds,PASSERIFORMES,CARDINALIDAE,Piranga,ludoviciana,Scarlet Tanager
Northern Cardinal,false,false,true,true,false,http://www.allaboutbirds.org/guide/northern_cardinal/id,Perching Birds,PASSERIFORMES,CARDINALIDAE,Cardinalis,cardinalis,"Summer Tanager, Vermilion Flycatcher, Scarlet Tanager, Pyrrhuloxia, Phainopepla"
Pyrrhuloxia,false,false,true,false,false,http://www.allaboutbirds.org/guide/pyrrhuloxia/id,Perching Birds,PASSERIFORMES,CARDINALIDAE,Cardinalis,sinuatus,Northern Cardinal
Rose-breasted Grosbeak,true,false,false,false,true,http://www.allaboutbirds.org/guide/rosebreasted_grosbeak/id,Perching Birds,PASSERIFORMES,CARDINALIDAE,Pheucticus,ludovicianus,"Black-headed Grosbeak, Purple Finch, Red-winged Blackbird"
Black-headed Grosbeak,true,false,false,true,false,http://www.allaboutbirds.org/guide/blackheaded_grosbeak/id,Perching Birds,PASSERIFORMES,CARDINALIDAE,Pheucticus,melanocephalus,"Purple Finch, Rose-breasted Grosbeak, Baltimore Oriole"
Blue Grosbeak,true,false,false,false,false,http://www.allaboutbirds.org/guide/blue_grosbeak/id,Perching Birds,PASSERIFORMES,CARDINALIDAE,Passerina,caerulea,"Indigo Bunting, Eastern Bluebird, Brown-headed Cowbird, Lazuli Bunting"
Lazuli Bunting,true,false,false,false,false,http://www.allaboutbirds.org/guide/lazuli_bunting/id,Perching Birds,PASSERIFORMES,CARDINALIDAE,Passerina,amoena,"Blue Grosbeak, Indigo Bunting, Western Bluebird"
Indigo Bunting,false,true,false,false,false,http://www.allaboutbirds.org/guide/indigo_bunting/id,Perching Birds,PASSERIFORMES,CARDINALIDAE,Passerina,cyanea,"Blue Grosbeak, Lazuli Bunting, Painted Bunting, House Sparrow, Eastern Bluebird"
Painted Bunting,false,false,true,false,true,http://www.allaboutbirds.org/guide/painted_bunting/id,Perching Birds,PASSERIFORMES,CARDINALIDAE,Passerina,ciris,"Indigo Bunting, Lazuli Bunting"
Dickcissel,true,false,false,false,false,http://www.allaboutbirds.org/guide/dickcissel/id,Perching Birds,PASSERIFORMES,CARDINALIDAE,Spiza,americana,"House Sparrow, Eastern Meadowlark"
Bobolink,true,false,false,false,false,http://www.allaboutbirds.org/guide/bobolink/id,Perching Birds,PASSERIFORMES,ICTERIDAE,Dolichonyx,oryzivorus,"Lark Bunting, Red-winged Blackbird, Grasshopper Sparrow"
Red-winged Blackbird,true,false,false,true,false,http://www.allaboutbirds.org/guide/redwinged_blackbird/id,Perching Birds,PASSERIFORMES,ICTERIDAE,Agelaius,phoeniceus,"Brewer's Blackbird, Song Sparrow, Brown-headed Cowbird, Common Grackle, European Starling"
Eastern Meadowlark,false,false,true,false,false,http://www.allaboutbirds.org/guide/eastern_meadowlark/id,Perching Birds,PASSERIFORMES,ICTERIDAE,Sturnella,magna,"Western Meadowlark, Red-winged Blackbird"
Western Meadowlark,true,false,false,true,false,http://www.allaboutbirds.org/guide/western_meadowlark/id,Perching Birds,PASSERIFORMES,ICTERIDAE,Sturnella,neglecta,"Eastern Meadowlark, Red-winged Blackbird, Yellow-headed Blackbird, Horned Lark"
Yellow-headed Blackbird,true,false,false,true,false,http://www.allaboutbirds.org/guide/yellowheaded_blackbird/id,Perching Birds,PASSERIFORMES,ICTERIDAE,Xanthocephalus,xanthocephalus,Red-winged Blackbird
Rusty Blackbird,false,false,true,true,false,http://www.allaboutbirds.org/guide/rusty_blackbird/id,Perching Birds,PASSERIFORMES,ICTERIDAE,Euphagus,carolinus,"Common Grackle, Red-winged Blackbird, Brown-headed Cowbird, Brewer's Blackbird"
Brewer’s Blackbird,true,false,false,true,false,http://www.allaboutbirds.org/guide/brewers_blackbird/id,Perching Birds,PASSERIFORMES,ICTERIDAE,Euphagus,cyanocephalus,"Brown-headed Cowbird, Common Grackle, Rusty Blackbird, Red-winged Blackbird, European Starling"
Common Grackle,true,false,false,true,false,http://www.allaboutbirds.org/guide/common_grackle/id,Perching Birds,PASSERIFORMES,ICTERIDAE,Quiscalus,quiscula,"American Crow, Boat-tailed Grackle, Brewer's Blackbird, Brown-headed Cowbird, Red-winged Blackbird, European Starling, Great-tailed Grackle"
Great-tailed Grackle,false,true,false,false,false,http://www.allaboutbirds.org/guide/greattailed_grackle/id,Perching Birds,PASSERIFORMES,ICTERIDAE,Quiscalus,mexicanus,"Common Grackle, Boat-tailed Grackle, Brewer's Blackbird, Bronzed Cowbird"
Brown-headed Cowbird,true,false,false,false,true,http://www.allaboutbirds.org/guide/brownheaded_cowbird/id,Perching Birds,PASSERIFORMES,ICTERIDAE,Molothrus,ater,"Bronzed Cowbird, Red-winged Blackbird, Brewer's Blackbird"
Orchard Oriole,true,false,false,false,false,http://www.allaboutbirds.org/guide/orchard_oriole/id,Perching Birds,PASSERIFORMES,ICTERIDAE,Icterus,spurius,"Baltimore Oriole, Hooded Oriole, Scott's Oriole"
Hooded Oriole,false,false,true,false,false,http://www.allaboutbirds.org/guide/hooded_oriole/id,Perching Birds,PASSERIFORMES,ICTERIDAE,Icterus,cucullatus,"Altamira Oriole, Bullock's Oriole, Orchard Oriole"
Bullock’s Oriole,true,false,false,false,true,http://www.allaboutbirds.org/guide/bullocks_oriole/id,Perching Birds,PASSERIFORMES,ICTERIDAE,Icterus,bullockii,"Baltimore Oriole, Hooded Oriole"
Baltimore Oriole,true,false,false,false,false,http://www.allaboutbirds.org/guide/baltimore_oriole/id,Perching Birds,PASSERIFORMES,ICTERIDAE,Icterus,galbula,"Bullock's Oriole, Orchard Oriole, American Robin"
Brambling,false,false,true,true,false,http://www.allaboutbirds.org/guide/brambling/id,,,,,,""
Gray-crowned Rosy-Finch,true,false,false,true,false,http://www.allaboutbirds.org/guide/graycrowned_rosyfinch/id,Perching Birds,PASSERIFORMES,FRINGILLIDAE,Leucosticte,tephrocotis,""
Black Rosy-Finch,true,false,false,true,false,http://www.allaboutbirds.org/guide/black_rosyfinch/id,Perching Birds,PASSERIFORMES,FRINGILLIDAE,Leucosticte,atrata,""
Pine Grosbeak,true,false,false,true,false,http://www.allaboutbirds.org/guide/pine_grosbeak/id,Perching Birds,PASSERIFORMES,FRINGILLIDAE,Pinicola,enucleator,"House Finch, Purple Finch, White-winged Crossbill, Evening Grosbeak"
Purple Finch,false,false,true,true,false,http://www.allaboutbirds.org/guide/purple_finch/id,Perching Birds,PASSERIFORMES,FRINGILLIDAE,Haemorhous,purpureus,"Cassin's Finch, Rose-breasted Grosbeak, House Finch, Pine Grosbeak"
Cassin’s Finch,true,false,false,true,false,http://www.allaboutbirds.org/guide/cassins_finch/id,Perching Birds,PASSERIFORMES,FRINGILLIDAE,Haemorhous,cassinii,"Purple Finch, House Finch, Pine Siskin"
House Finch,true,false,false,true,false,http://www.allaboutbirds.org/guide/house_finch/id,Perching Birds,PASSERIFORMES,FRINGILLIDAE,Haemorhous,mexicanus,"Purple Finch, Pine Siskin, Cassin's Finch, Red Crossbill, Pine Grosbeak"
Red Crossbill,true,false,false,true,false,http://www.allaboutbirds.org/guide/red_crossbill/id,Perching Birds,PASSERIFORMES,FRINGILLIDAE,Loxia,curvirostra,"Pine Siskin, White-winged Crossbill"
White-winged Crossbill,false,true,false,true,false,http://www.allaboutbirds.org/guide/whitewinged_crossbill/id,Perching Birds,PASSERIFORMES,FRINGILLIDAE,Loxia,leucoptera,""
Common Redpoll,false,false,true,true,false,http://www.allaboutbirds.org/guide/common_redpoll/id,Perching Birds,PASSERIFORMES,FRINGILLIDAE,Acanthis,flammea,"Hoary Redpoll, Pine Siskin, House Finch, Purple Finch, American Goldfinch"
Hoary Redpoll,false,false,true,true,false,http://www.allaboutbirds.org/guide/hoary_redpoll/id,Perching Birds,PASSERIFORMES,FRINGILLIDAE,Acanthis,hornemanni,""
Pine Siskin,true,false,false,true,false,http://www.allaboutbirds.org/guide/pine_siskin/id,Perching Birds,PASSERIFORMES,FRINGILLIDAE,Spinus,pinus,"House Finch, Common Redpoll, Yellow-rumped Warbler, American Goldfinch"
Lesser Goldfinch,true,false,false,false,true,http://www.allaboutbirds.org/guide/lesser_goldfinch/id,Perching Birds,PASSERIFORMES,FRINGILLIDAE,Spinus,psaltria,"American Goldfinch, Lawrence's Goldfinch"
American Goldfinch,true,false,false,true,false,http://www.allaboutbirds.org/guide/american_goldfinch/id,Perching Birds,PASSERIFORMES,FRINGILLIDAE,Spinus,tristis,"Yellow Warbler, Evening Grosbeak, Lawrence's Goldfinch, Pine Siskin, Pine Warbler, Lesser Goldfinch"
Evening Grosbeak,true,false,false,true,false,http://www.allaboutbirds.org/guide/evening_grosbeak/id,Perching Birds,PASSERIFORMES,FRINGILLIDAE,Coccothraustes,vespertinus,"American Goldfinch, Pine Grosbeak"
House Sparrow,true,false,false,true,false,http://www.allaboutbirds.org/guide/house_sparrow/id,Perching Birds,PASSERIFORMES,PASSERIDAE,Passer,domesticus,"Black-throated Sparrow, White-crowned Sparrow, White-throated Sparrow, Harris's Sparrow"
