common_name,breeding_code,winter_code,slug,aab_url,order_desc,order,family,genus,species,similar_species
Greater White-fronted Goose,t,w,greater_white-fronted_goose,http://www.allaboutbirds.org/guide/greater_white-fronted_goose/id,"Ducks, Geese, and Swans",ANSERIFORMES,ANATIDAE,Anser,albifrons,""
Snow Goose,t,w,snow_goose,http://www.allaboutbirds.org/guide/snow_goose/id,"Ducks, Geese, and Swans",ANSERIFORMES,ANATIDAE,Chen,caerulescens,"Ross's Goose, Mute Swan, Trumpeter Swan"
Ross's Goose,t,w,rosss_goose,http://www.allaboutbirds.org/guide/rosss_goose/id,"Ducks, Geese, and Swans",ANSERIFORMES,ANATIDAE,Chen,rossii,""
Cackling Goose,t,W,cackling_goose,http://www.allaboutbirds.org/guide/cackling_goose/id,"Ducks, Geese, and Swans",ANSERIFORMES,ANATIDAE,Branta,hutchinsii,""
Canada Goose,B,W,canada_goose,http://www.allaboutbirds.org/guide/canada_goose/id,"Ducks, Geese, and Swans",ANSERIFORMES,ANATIDAE,Branta,canadensis,"Cackling Goose, Brant, Snow Goose"
Brant,t,,brant,http://www.allaboutbirds.org/guide/brant/id,"Ducks, Geese, and Swans",ANSERIFORMES,ANATIDAE,Branta,bernicla,""
Mute Swan,B,W,mute_swan,http://www.allaboutbirds.org/guide/mute_swan/id,"Ducks, Geese, and Swans",ANSERIFORMES,ANATIDAE,Cygnus,olor,"Tundra Swan, Trumpeter Swan, Snow Goose, American White Pelican"
Trumpeter Swan,B,W,trumpeter_swan,http://www.allaboutbirds.org/guide/trumpeter_swan/id,"Ducks, Geese, and Swans",ANSERIFORMES,ANATIDAE,Cygnus,buccinator,"Tundra Swan, Mute Swan"
Tundra Swan,t,W,tundra_swan,http://www.allaboutbirds.org/guide/tundra_swan/id,"Ducks, Geese, and Swans",ANSERIFORMES,ANATIDAE,Cygnus,columbianus,"Mute Swan, Trumpeter Swan, Snow Goose, American White Pelican"
Wood Duck,B,W,wood_duck,http://www.allaboutbirds.org/guide/wood_duck/id,"Ducks, Geese, and Swans",ANSERIFORMES,ANATIDAE,Aix,sponsa,"Hooded Merganser, Green-winged Teal, Mallard"
Gadwall,B,W,gadwall,http://www.allaboutbirds.org/guide/gadwall/id,"Ducks, Geese, and Swans",ANSERIFORMES,ANATIDAE,Anas,strepera,"Mallard, Blue-winged Teal, Green-winged Teal, American Wigeon"
Eurasian Wigeon,t,w,eurasian_wigeon,http://www.allaboutbirds.org/guide/eurasian_wigeon/id,"Ducks, Geese, and Swans",ANSERIFORMES,ANATIDAE,Anas,penelope,American Wigeon
American Wigeon,B,W,american_wigeon,http://www.allaboutbirds.org/guide/american_wigeon/id,"Ducks, Geese, and Swans",ANSERIFORMES,ANATIDAE,Anas,americana,Eurasian Wigeon
American Black Duck,t,w,american_black_duck,http://www.allaboutbirds.org/guide/american_black_duck/id,"Ducks, Geese, and Swans",ANSERIFORMES,ANATIDAE,Anas,rubripes,"Mallard, Gadwall"
Mallard,B,W,mallard,http://www.allaboutbirds.org/guide/mallard/id,"Ducks, Geese, and Swans",ANSERIFORMES,ANATIDAE,Anas,platyrhynchos,"American Black Duck, Gadwall, Northern Shoveler, Red-breasted Merganser"
Blue-winged Teal,B,w,blue-winged_teal,http://www.allaboutbirds.org/guide/blue-winged_teal/id,"Ducks, Geese, and Swans",ANSERIFORMES,ANATIDAE,Anas,discors,"Green-winged Teal, Cinnamon Teal"
Cinnamon Teal,B,W,cinnamon_teal,http://www.allaboutbirds.org/guide/cinnamon_teal/id,"Ducks, Geese, and Swans",ANSERIFORMES,ANATIDAE,Anas,cyanoptera,"Ruddy Duck, Blue-winged Teal, Green-winged Teal"
Northern Shoveler,B,W,northern_shoveler,http://www.allaboutbirds.org/guide/northern_shoveler/id,"Ducks, Geese, and Swans",ANSERIFORMES,ANATIDAE,Anas,clypeata,""
Northern Pintail,B,W,northern_pintail,http://www.allaboutbirds.org/guide/northern_pintail/id,"Ducks, Geese, and Swans",ANSERIFORMES,ANATIDAE,Anas,acuta,""
Green-winged Teal,B,W,green-winged_teal,http://www.allaboutbirds.org/guide/green-winged_teal/id,"Ducks, Geese, and Swans",ANSERIFORMES,ANATIDAE,Anas,crecca,Blue-winged Teal
Canvasback,B,W,canvasback,http://www.allaboutbirds.org/guide/canvasback/id,"Ducks, Geese, and Swans",ANSERIFORMES,ANATIDAE,Aythya,valisineria,""
Redhead,B,W,redhead,http://www.allaboutbirds.org/guide/redhead/id,"Ducks, Geese, and Swans",ANSERIFORMES,ANATIDAE,Aythya,americana,""
Ring-necked Duck,B,W,ring-necked_duck,http://www.allaboutbirds.org/guide/ring-necked_duck/id,"Ducks, Geese, and Swans",ANSERIFORMES,ANATIDAE,Aythya,collaris,"Lesser Scaup, Greater Scaup, Redhead"
Greater Scaup,t,W,greater_scaup,http://www.allaboutbirds.org/guide/greater_scaup/id,"Ducks, Geese, and Swans",ANSERIFORMES,ANATIDAE,Aythya,marila,""
Lesser Scaup,B,W,lesser_scaup,http://www.allaboutbirds.org/guide/lesser_scaup/id,"Ducks, Geese, and Swans",ANSERIFORMES,ANATIDAE,Aythya,affinis,"Greater Scaup, Ring-necked Duck"
Harlequin Duck,B,W,harlequin_duck,http://www.allaboutbirds.org/guide/harlequin_duck/id,"Ducks, Geese, and Swans",ANSERIFORMES,ANATIDAE,Histrionicus,histrionicus,""
Surf Scoter,t,w,surf_scoter,http://www.allaboutbirds.org/guide/surf_scoter/id,"Ducks, Geese, and Swans",ANSERIFORMES,ANATIDAE,Melanitta,perspicillata,""
White-winged Scoter,t,w,white-winged_scoter,http://www.allaboutbirds.org/guide/white-winged_scoter/id,"Ducks, Geese, and Swans",ANSERIFORMES,ANATIDAE,Melanitta,fusca,""
Black Scoter,t,w,black_scoter,http://www.allaboutbirds.org/guide/black_scoter/id,"Ducks, Geese, and Swans",ANSERIFORMES,ANATIDAE,Melanitta,americana,""
Long-tailed Duck,t,W,long-tailed_duck,http://www.allaboutbirds.org/guide/long-tailed_duck/id,"Ducks, Geese, and Swans",ANSERIFORMES,ANATIDAE,Clangula,hyemalis,""
Bufflehead,B,W,bufflehead,http://www.allaboutbirds.org/guide/bufflehead/id,"Ducks, Geese, and Swans",ANSERIFORMES,ANATIDAE,Bucephala,albeola,"Common Goldeneye, Barrow's Goldeneye, Hooded Merganser, Harlequin Duck, Ruddy Duck"
Common Goldeneye,B,W,common_goldeneye,http://www.allaboutbirds.org/guide/common_goldeneye/id,"Ducks, Geese, and Swans",ANSERIFORMES,ANATIDAE,Bucephala,clangula,"Barrow's Goldeneye, Bufflehead"
Barrow's Goldeneye,B,W,barrows_goldeneye,http://www.allaboutbirds.org/guide/barrows_goldeneye/id,"Ducks, Geese, and Swans",ANSERIFORMES,ANATIDAE,Bucephala,islandica,""
Hooded Merganser,B,W,hooded_merganser,http://www.allaboutbirds.org/guide/hooded_merganser/id,"Ducks, Geese, and Swans",ANSERIFORMES,ANATIDAE,Lophodytes,cucullatus,"Bufflehead, Common Merganser, Red-breasted Merganser"
Common Merganser,B,W,common_merganser,http://www.allaboutbirds.org/guide/common_merganser/id,"Ducks, Geese, and Swans",ANSERIFORMES,ANATIDAE,Mergus,merganser,"Red-breasted Merganser, Common Loon, Mallard"
Red-breasted Merganser,t,W,red-breasted_merganser,http://www.allaboutbirds.org/guide/red-breasted_merganser/id,"Ducks, Geese, and Swans",ANSERIFORMES,ANATIDAE,Mergus,serrator,""
Ruddy Duck,B,W,ruddy_duck,http://www.allaboutbirds.org/guide/ruddy_duck/id,"Ducks, Geese, and Swans",ANSERIFORMES,ANATIDAE,Oxyura,jamaicensis,Black Scoter
Chukar,B,W,chukar,http://www.allaboutbirds.org/guide/chukar/id,"Grouse, Quail, and Allies",GALLIFORMES,PHASIANIDAE,Alectoris,chukar,Gray Partridge
Gray Partridge,B,W,gray_partridge,http://www.allaboutbirds.org/guide/gray_partridge/id,"Grouse, Quail, and Allies",GALLIFORMES,PHASIANIDAE,Perdix,perdix,""
Ring-necked Pheasant,B,W,ring-necked_pheasant,http://www.allaboutbirds.org/guide/ring-necked_pheasant/id,"Grouse, Quail, and Allies",GALLIFORMES,PHASIANIDAE,Phasianus,colchicus,"Sharp-tailed Grouse, Ruffed Grouse"
Ruffed Grouse,B,W,ruffed_grouse,http://www.allaboutbirds.org/guide/ruffed_grouse/id,"Grouse, Quail, and Allies",GALLIFORMES,PHASIANIDAE,Bonasa,umbellus,"Spruce Grouse, Sharp-tailed Grouse, Ring-necked Pheasant"
Greater Sage-Grouse,B,W,greater_sage-grouse,http://www.allaboutbirds.org/guide/greater_sage-grouse/id,"Grouse, Quail, and Allies",GALLIFORMES,PHASIANIDAE,Centrocercus,urophasianus,""
Spruce Grouse,B,W,spruce_grouse,http://www.allaboutbirds.org/guide/spruce_grouse/id,"Grouse, Quail, and Allies",GALLIFORMES,PHASIANIDAE,Falcipennis,canadensis,""
Willow Ptarmigan,,w,willow_ptarmigan,http://www.allaboutbirds.org/guide/willow_ptarmigan/id,"Grouse, Quail, and Allies",GALLIFORMES,PHASIANIDAE,Lagopus,lagopus,""
White-tailed Ptarmigan,B,W,white-tailed_ptarmigan,http://www.allaboutbirds.org/guide/white-tailed_ptarmigan/id,"Grouse, Quail, and Allies",GALLIFORMES,PHASIANIDAE,Lagopus,leucura,""
Dusky Grouse,B,W,dusky_grouse,http://www.allaboutbirds.org/guide/dusky_grouse/id,"Grouse, Quail, and Allies",GALLIFORMES,PHASIANIDAE,Dendragapus,obscurus,""
Sharp-tailed Grouse,B,W,sharp-tailed_grouse,http://www.allaboutbirds.org/guide/sharp-tailed_grouse/id,"Grouse, Quail, and Allies",GALLIFORMES,PHASIANIDAE,Tympanuchus,phasianellus,""
Greater Prairie-Chicken,b,,greater_prairie-chicken,http://www.allaboutbirds.org/guide/greater_prairie-chicken/id,"Grouse, Quail, and Allies",GALLIFORMES,PHASIANIDAE,Tympanuchus,cupido,""
Wild Turkey,B,W,wild_turkey,http://www.allaboutbirds.org/guide/wild_turkey/id,"Grouse, Quail, and Allies",GALLIFORMES,PHASIANIDAE,Meleagris,gallopavo,"Dusky Grouse, Ruffed Grouse, Greater Sage-Grouse"
Red-throated Loon,t,,red-throated_loon,http://www.allaboutbirds.org/guide/red-throated_loon/id,Loons,GAVIIFORMES,GAVIIDAE,Gavia,stellata,""
Pacific Loon,t,w,pacific_loon,http://www.allaboutbirds.org/guide/pacific_loon/id,Loons,GAVIIFORMES,GAVIIDAE,Gavia,pacifica,""
Common Loon,B,W,common_loon,http://www.allaboutbirds.org/guide/common_loon/id,Loons,GAVIIFORMES,GAVIIDAE,Gavia,immer,"Red-throated Loon, Pacific Loon, Double-crested Cormorant"
Pied-billed Grebe,B,W,pied-billed_grebe,http://www.allaboutbirds.org/guide/pied-billed_grebe/id,Grebes,PODICIPEDIFORMES,PODICIPEDIDAE,Podilymbus,podiceps,""
Horned Grebe,B,W,horned_grebe,http://www.allaboutbirds.org/guide/horned_grebe/id,Grebes,PODICIPEDIFORMES,PODICIPEDIDAE,Podiceps,auritus,Eared Grebe
Red-necked Grebe,B,W,red-necked_grebe,http://www.allaboutbirds.org/guide/red-necked_grebe/id,Grebes,PODICIPEDIFORMES,PODICIPEDIDAE,Podiceps,grisegena,""
Eared Grebe,B,W,eared_grebe,http://www.allaboutbirds.org/guide/eared_grebe/id,Grebes,PODICIPEDIFORMES,PODICIPEDIDAE,Podiceps,nigricollis,Horned Grebe
Western Grebe,B,W,western_grebe,http://www.allaboutbirds.org/guide/western_grebe/id,Grebes,PODICIPEDIFORMES,PODICIPEDIDAE,Aechmophorus,occidentalis,""
Clark's Grebe,B,,clarks_grebe,http://www.allaboutbirds.org/guide/clarks_grebe/id,Grebes,PODICIPEDIFORMES,PODICIPEDIDAE,Aechmophorus,clarkii,""
Wood Stork,t,,wood_stork,http://www.allaboutbirds.org/guide/wood_stork/id,Storks,CICONIIFORMES,CICONIIDAE,Mycteria,americana,""
Double-crested Cormorant,B,w,double-crested_cormorant,http://www.allaboutbirds.org/guide/double-crested_cormorant/id,"Frigatebirds, Boobies, Cormorants, Darters, and Allies",SULIFORMES,PHALACROCORACIDAE,Phalacrocorax,auritus,""
American White Pelican,B,w,american_white_pelican,http://www.allaboutbirds.org/guide/american_white_pelican/id,"Pelicans, Herons, Ibises, and Allies",PELECANIFORMES,PELECANIDAE,Pelecanus,erythrorhynchos,""
American Bittern,B,w,american_bittern,http://www.allaboutbirds.org/guide/american_bittern/id,"Pelicans, Herons, Ibises, and Allies",PELECANIFORMES,ARDEIDAE,Botaurus,lentiginosus,""
Least Bittern,t,,least_bittern,http://www.allaboutbirds.org/guide/least_bittern/id,"Pelicans, Herons, Ibises, and Allies",PELECANIFORMES,ARDEIDAE,Ixobrychus,exilis,""
Great Blue Heron,B,W,great_blue_heron,http://www.allaboutbirds.org/guide/great_blue_heron/id,"Pelicans, Herons, Ibises, and Allies",PELECANIFORMES,ARDEIDAE,Ardea,herodias,"Sandhill Crane, Great Egret, Little Blue Heron"
Great Egret,t,,great_egret,http://www.allaboutbirds.org/guide/great_egret/id,"Pelicans, Herons, Ibises, and Allies",PELECANIFORMES,ARDEIDAE,Ardea,alba,"Great Blue Heron, Snowy Egret, Cattle Egret, Little Blue Heron"
Snowy Egret,B,,snowy_egret,http://www.allaboutbirds.org/guide/snowy_egret/id,"Pelicans, Herons, Ibises, and Allies",PELECANIFORMES,ARDEIDAE,Egretta,thula,""
Little Blue Heron,t,,little_blue_heron,http://www.allaboutbirds.org/guide/little_blue_heron/id,"Pelicans, Herons, Ibises, and Allies",PELECANIFORMES,ARDEIDAE,Egretta,caerulea,"Snowy Egret, Great Egret, Great Blue Heron, Cattle Egret"
Cattle Egret,t,,cattle_egret,http://www.allaboutbirds.org/guide/cattle_egret/id,"Pelicans, Herons, Ibises, and Allies",PELECANIFORMES,ARDEIDAE,Bubulcus,ibis,Great Egret
Green Heron,t,,green_heron,http://www.allaboutbirds.org/guide/green_heron/id,"Pelicans, Herons, Ibises, and Allies",PELECANIFORMES,ARDEIDAE,Butorides,virescens,"Least Bittern, Yellow-crowned Night-Heron, Black-crowned Night-Heron, Little Blue Heron, American Bittern"
Black-crowned Night-Heron,B,,black-crowned_night-heron,http://www.allaboutbirds.org/guide/black-crowned_night-heron/id,"Pelicans, Herons, Ibises, and Allies",PELECANIFORMES,ARDEIDAE,Nycticorax,nycticorax,"Yellow-crowned Night-Heron, American Bittern, Green Heron"
Yellow-crowned Night-Heron,t,,yellow-crowned_night-heron,http://www.allaboutbirds.org/guide/yellow-crowned_night-heron/id,"Pelicans, Herons, Ibises, and Allies",PELECANIFORMES,ARDEIDAE,Nyctanassa,violacea,"Black-crowned Night-Heron, American Bittern"
Glossy Ibis,t,,glossy_ibis,http://www.allaboutbirds.org/guide/glossy_ibis/id,"Pelicans, Herons, Ibises, and Allies",PELECANIFORMES,THRESKIORNITHIDAE,Plegadis,falcinellus,""
White-faced Ibis,B,,white-faced_ibis,http://www.allaboutbirds.org/guide/white-faced_ibis/id,"Pelicans, Herons, Ibises, and Allies",PELECANIFORMES,THRESKIORNITHIDAE,Plegadis,chihi,""
Turkey Vulture,B,w,turkey_vulture,http://www.allaboutbirds.org/guide/turkey_vulture/id,"Hawks, Kites, Eagles, and Allies",ACCIPITRIFORMES,CATHARTIDAE,Cathartes,aura,"Golden Eagle, Red-tailed Hawk"
Osprey,B,w,osprey,http://www.allaboutbirds.org/guide/osprey/id,"Hawks, Kites, Eagles, and Allies",ACCIPITRIFORMES,PANDIONIDAE,Pandion,haliaetus,"Bald Eagle, Red-tailed Hawk, Turkey Vulture"
White-tailed Kite,t,,white-tailed_kite,http://www.allaboutbirds.org/guide/white-tailed_kite/id,"Hawks, Kites, Eagles, and Allies",ACCIPITRIFORMES,ACCIPITRIDAE,Elanus,leucurus,Mississippi Kite
Mississippi Kite,t,,mississippi_kite,http://www.allaboutbirds.org/guide/mississippi_kite/id,"Hawks, Kites, Eagles, and Allies",ACCIPITRIFORMES,ACCIPITRIDAE,Ictinia,mississippiensis,White-tailed Kite
Bald Eagle,B,W,bald_eagle,http://www.allaboutbirds.org/guide/bald_eagle/id,"Hawks, Kites, Eagles, and Allies",ACCIPITRIFORMES,ACCIPITRIDAE,Haliaeetus,leucocephalus,"Golden Eagle, Red-tailed Hawk, Turkey Vulture"
Northern Harrier,B,W,northern_harrier,http://www.allaboutbirds.org/guide/northern_harrier/id,"Hawks, Kites, Eagles, and Allies",ACCIPITRIFORMES,ACCIPITRIDAE,Circus,cyaneus,"Rough-legged Hawk, Short-eared Owl, Cooper's Hawk"
Sharp-shinned Hawk,B,W,sharp-shinned_hawk,http://www.allaboutbirds.org/guide/sharp-shinned_hawk/id,"Hawks, Kites, Eagles, and Allies",ACCIPITRIFORMES,ACCIPITRIDAE,Accipiter,striatus,"Cooper's Hawk, Merlin"
Cooper's Hawk,B,W,coopers_hawk,http://www.allaboutbirds.org/guide/coopers_hawk/id,"Hawks, Kites, Eagles, and Allies",ACCIPITRIFORMES,ACCIPITRIDAE,Accipiter,cooperii,"Sharp-shinned Hawk, Red-tailed Hawk, Northern Goshawk, Northern Harrier, Merlin, Peregrine Falcon, Red-shouldered Hawk, Broad-winged Hawk"
Northern Goshawk,B,W,northern_goshawk,http://www.allaboutbirds.org/guide/northern_goshawk/id,"Hawks, Kites, Eagles, and Allies",ACCIPITRIFORMES,ACCIPITRIDAE,Accipiter,gentilis,Gyrfalcon
Red-shouldered Hawk,t,,red-shouldered_hawk,http://www.allaboutbirds.org/guide/red-shouldered_hawk/id,"Hawks, Kites, Eagles, and Allies",ACCIPITRIFORMES,ACCIPITRIDAE,Buteo,lineatus,"Red-tailed Hawk, Broad-winged Hawk, Cooper's Hawk, Sharp-shinned Hawk"
Broad-winged Hawk,t,,broad-winged_hawk,http://www.allaboutbirds.org/guide/broad-winged_hawk/id,"Hawks, Kites, Eagles, and Allies",ACCIPITRIFORMES,ACCIPITRIDAE,Buteo,platypterus,""
Swainson's Hawk,B,w,swainsons_hawk,http://www.allaboutbirds.org/guide/swainsons_hawk/id,"Hawks, Kites, Eagles, and Allies",ACCIPITRIFORMES,ACCIPITRIDAE,Buteo,swainsoni,"Red-tailed Hawk, Rough-legged Hawk, Ferruginous Hawk"
Red-tailed Hawk,B,W,red-tailed_hawk,http://www.allaboutbirds.org/guide/red-tailed_hawk/id,"Hawks, Kites, Eagles, and Allies",ACCIPITRIFORMES,ACCIPITRIDAE,Buteo,jamaicensis,"Red-shouldered Hawk, Swainson's Hawk, Cooper's Hawk, Rough-legged Hawk, Ferruginous Hawk, Broad-winged Hawk, Northern Goshawk, Northern Harrier"
Ferruginous Hawk,B,W,ferruginous_hawk,http://www.allaboutbirds.org/guide/ferruginous_hawk/id,"Hawks, Kites, Eagles, and Allies",ACCIPITRIFORMES,ACCIPITRIDAE,Buteo,regalis,"Red-tailed Hawk, Rough-legged Hawk"
Rough-legged Hawk,t,W,rough-legged_hawk,http://www.allaboutbirds.org/guide/rough-legged_hawk/id,"Hawks, Kites, Eagles, and Allies",ACCIPITRIFORMES,ACCIPITRIDAE,Buteo,lagopus,""
Golden Eagle,B,W,golden_eagle,http://www.allaboutbirds.org/guide/golden_eagle/id,"Hawks, Kites, Eagles, and Allies",ACCIPITRIFORMES,ACCIPITRIDAE,Aquila,chrysaetos,"Ferruginous Hawk, Turkey Vulture, Bald Eagle"
Crested Caracara,t,,crested_caracara,http://www.allaboutbirds.org/guide/crested_caracara/id,Caracaras and Falcons,FALCONIFORMES,FALCONIDAE,Caracara,cheriway,""
American Kestrel,B,W,american_kestrel,http://www.allaboutbirds.org/guide/american_kestrel/id,Caracaras and Falcons,FALCONIFORMES,FALCONIDAE,Falco,sparverius,"Sharp-shinned Hawk, Merlin"
Merlin,B,W,merlin,http://www.allaboutbirds.org/guide/merlin/id,Caracaras and Falcons,FALCONIFORMES,FALCONIDAE,Falco,columbarius,"American Kestrel, Prairie Falcon, Sharp-shinned Hawk"
Gyrfalcon,t,W,gyrfalcon,http://www.allaboutbirds.org/guide/gyrfalcon/id,Caracaras and Falcons,FALCONIFORMES,FALCONIDAE,Falco,rusticolus,"Peregrine Falcon, Prairie Falcon"
Peregrine Falcon,B,W,peregrine_falcon,http://www.allaboutbirds.org/guide/peregrine_falcon/id,Caracaras and Falcons,FALCONIFORMES,FALCONIDAE,Falco,peregrinus,"Gyrfalcon, Prairie Falcon, American Kestrel, Merlin"
Prairie Falcon,B,W,prairie_falcon,http://www.allaboutbirds.org/guide/prairie_falcon/id,Caracaras and Falcons,FALCONIFORMES,FALCONIDAE,Falco,mexicanus,""
Yellow Rail,b,,yellow_rail,http://www.allaboutbirds.org/guide/yellow_rail/id,Cranes and Rails,GRUIFORMES,RALLIDAE,Coturnicops,noveboracensis,""
Virginia Rail,B,W,virginia_rail,http://www.allaboutbirds.org/guide/virginia_rail/id,Cranes and Rails,GRUIFORMES,RALLIDAE,Rallus,limicola,""
Sora,B,w,sora,http://www.allaboutbirds.org/guide/sora/id,Cranes and Rails,GRUIFORMES,RALLIDAE,Porzana,carolina,""
Common Gallinule,t,,common_gallinule,http://www.allaboutbirds.org/guide/common_gallinule/id,Cranes and Rails,GRUIFORMES,RALLIDAE,Gallinula,galeata,American Coot
American Coot,B,W,american_coot,http://www.allaboutbirds.org/guide/american_coot/id,Cranes and Rails,GRUIFORMES,RALLIDAE,Fulica,americana,"Common Gallinule, Pied-billed Grebe"
Sandhill Crane,B,W,sandhill_crane,http://www.allaboutbirds.org/guide/sandhill_crane/id,Cranes and Rails,GRUIFORMES,GRUIDAE,Grus,canadensis,"Great Blue Heron, Whooping Crane"
Whooping Crane,t,,whooping_crane,http://www.allaboutbirds.org/guide/whooping_crane/id,Cranes and Rails,GRUIFORMES,GRUIDAE,Grus,americana,"Sandhill Crane, Great Egret, American White Pelican, Snow Goose"
Black-bellied Plover,t,,black-bellied_plover,http://www.allaboutbirds.org/guide/black-bellied_plover/id,"Plovers, Sandpipers, and Allies",CHARADRIIFORMES,CHARADRIIDAE,Pluvialis,squatarola,American Golden-Plover
American Golden-Plover,t,,american_golden-plover,http://www.allaboutbirds.org/guide/american_golden-plover/id,"Plovers, Sandpipers, and Allies",CHARADRIIFORMES,CHARADRIIDAE,Pluvialis,dominica,""
Snowy Plover,b,,snowy_plover,http://www.allaboutbirds.org/guide/snowy_plover/id,"Plovers, Sandpipers, and Allies",CHARADRIIFORMES,CHARADRIIDAE,Charadrius,nivosus,""
Semipalmated Plover,t,,semipalmated_plover,http://www.allaboutbirds.org/guide/semipalmated_plover/id,"Plovers, Sandpipers, and Allies",CHARADRIIFORMES,CHARADRIIDAE,Charadrius,semipalmatus,""
Piping Plover,B,,piping_plover,http://www.allaboutbirds.org/guide/piping_plover/id,"Plovers, Sandpipers, and Allies",CHARADRIIFORMES,CHARADRIIDAE,Charadrius,melodus,""
Killdeer,B,W,killdeer,http://www.allaboutbirds.org/guide/killdeer/id,"Plovers, Sandpipers, and Allies",CHARADRIIFORMES,CHARADRIIDAE,Charadrius,vociferus,"Semipalmated Plover, Snowy Plover, Ruddy Turnstone, Piping Plover"
Mountain Plover,B,,mountain_plover,http://www.allaboutbirds.org/guide/mountain_plover/id,"Plovers, Sandpipers, and Allies",CHARADRIIFORMES,CHARADRIIDAE,Charadrius,montanus,""
Black-necked Stilt,B,,black-necked_stilt,http://www.allaboutbirds.org/guide/black-necked_stilt/id,"Plovers, Sandpipers, and Allies",CHARADRIIFORMES,RECURVIROSTRIDAE,Himantopus,mexicanus,American Avocet
American Avocet,B,,american_avocet,http://www.allaboutbirds.org/guide/american_avocet/id,"Plovers, Sandpipers, and Allies",CHARADRIIFORMES,RECURVIROSTRIDAE,Recurvirostra,americana,"Black-necked Stilt, Hudsonian Godwit"
Spotted Sandpiper,B,w,spotted_sandpiper,http://www.allaboutbirds.org/guide/spotted_sandpiper/id,"Plovers, Sandpipers, and Allies",CHARADRIIFORMES,SCOLOPACIDAE,Actitis,macularius,"Solitary Sandpiper, Lesser Yellowlegs"
Solitary Sandpiper,b,,solitary_sandpiper,http://www.allaboutbirds.org/guide/solitary_sandpiper/id,"Plovers, Sandpipers, and Allies",CHARADRIIFORMES,SCOLOPACIDAE,Tringa,solitaria,""
Greater Yellowlegs,t,w,greater_yellowlegs,http://www.allaboutbirds.org/guide/greater_yellowlegs/id,"Plovers, Sandpipers, and Allies",CHARADRIIFORMES,SCOLOPACIDAE,Tringa,melanoleuca,""
Willet,B,,willet,http://www.allaboutbirds.org/guide/willet/id,"Plovers, Sandpipers, and Allies",CHARADRIIFORMES,SCOLOPACIDAE,Tringa,semipalmata,"Greater Yellowlegs, Long-billed Dowitcher, Marbled Godwit, American Avocet"
Lesser Yellowlegs,t,,lesser_yellowlegs,http://www.allaboutbirds.org/guide/lesser_yellowlegs/id,"Plovers, Sandpipers, and Allies",CHARADRIIFORMES,SCOLOPACIDAE,Tringa,flavipes,""
Upland Sandpiper,B,,upland_sandpiper,http://www.allaboutbirds.org/guide/upland_sandpiper/id,"Plovers, Sandpipers, and Allies",CHARADRIIFORMES,SCOLOPACIDAE,Bartramia,longicauda,""
Whimbrel,t,,whimbrel,http://www.allaboutbirds.org/guide/whimbrel/id,"Plovers, Sandpipers, and Allies",CHARADRIIFORMES,SCOLOPACIDAE,Numenius,phaeopus,""
Long-billed Curlew,B,,long-billed_curlew,http://www.allaboutbirds.org/guide/long-billed_curlew/id,"Plovers, Sandpipers, and Allies",CHARADRIIFORMES,SCOLOPACIDAE,Numenius,americanus,""
Hudsonian Godwit,t,,hudsonian_godwit,http://www.allaboutbirds.org/guide/hudsonian_godwit/id,"Plovers, Sandpipers, and Allies",CHARADRIIFORMES,SCOLOPACIDAE,Limosa,haemastica,""
Marbled Godwit,B,,marbled_godwit,http://www.allaboutbirds.org/guide/marbled_godwit/id,"Plovers, Sandpipers, and Allies",CHARADRIIFORMES,SCOLOPACIDAE,Limosa,fedoa,""
Ruddy Turnstone,t,,ruddy_turnstone,http://www.allaboutbirds.org/guide/ruddy_turnstone/id,"Plovers, Sandpipers, and Allies",CHARADRIIFORMES,SCOLOPACIDAE,Arenaria,interpres,""
Black Turnstone,t,,black_turnstone,http://www.allaboutbirds.org/guide/black_turnstone/id,"Plovers, Sandpipers, and Allies",CHARADRIIFORMES,SCOLOPACIDAE,Arenaria,melanocephala,Ruddy Turnstone
Red Knot,t,,red_knot,http://www.allaboutbirds.org/guide/red_knot/id,"Plovers, Sandpipers, and Allies",CHARADRIIFORMES,SCOLOPACIDAE,Calidris,canutus,""
Sanderling,t,,sanderling,http://www.allaboutbirds.org/guide/sanderling/id,"Plovers, Sandpipers, and Allies",CHARADRIIFORMES,SCOLOPACIDAE,Calidris,alba,"Semipalmated Sandpiper, Dunlin, White-rumped Sandpiper"
Semipalmated Sandpiper,t,,semipalmated_sandpiper,http://www.allaboutbirds.org/guide/semipalmated_sandpiper/id,"Plovers, Sandpipers, and Allies",CHARADRIIFORMES,SCOLOPACIDAE,Calidris,pusilla,""
Western Sandpiper,t,,western_sandpiper,http://www.allaboutbirds.org/guide/western_sandpiper/id,"Plovers, Sandpipers, and Allies",CHARADRIIFORMES,SCOLOPACIDAE,Calidris,mauri,""
Least Sandpiper,t,,least_sandpiper,http://www.allaboutbirds.org/guide/least_sandpiper/id,"Plovers, Sandpipers, and Allies",CHARADRIIFORMES,SCOLOPACIDAE,Calidris,minutilla,""
White-rumped Sandpiper,t,,white-rumped_sandpiper,http://www.allaboutbirds.org/guide/white-rumped_sandpiper/id,"Plovers, Sandpipers, and Allies",CHARADRIIFORMES,SCOLOPACIDAE,Calidris,fuscicollis,""
Baird's Sandpiper,t,,bairds_sandpiper,http://www.allaboutbirds.org/guide/bairds_sandpiper/id,"Plovers, Sandpipers, and Allies",CHARADRIIFORMES,SCOLOPACIDAE,Calidris,bairdii,""
Pectoral Sandpiper,t,,pectoral_sandpiper,http://www.allaboutbirds.org/guide/pectoral_sandpiper/id,"Plovers, Sandpipers, and Allies",CHARADRIIFORMES,SCOLOPACIDAE,Calidris,melanotos,""
Dunlin,t,W,dunlin,http://www.allaboutbirds.org/guide/dunlin/id,"Plovers, Sandpipers, and Allies",CHARADRIIFORMES,SCOLOPACIDAE,Calidris,alpina,""
Stilt Sandpiper,t,,stilt_sandpiper,http://www.allaboutbirds.org/guide/stilt_sandpiper/id,"Plovers, Sandpipers, and Allies",CHARADRIIFORMES,SCOLOPACIDAE,Calidris,himantopus,""
Buff-breasted Sandpiper,t,,buff-breasted_sandpiper,http://www.allaboutbirds.org/guide/buff-breasted_sandpiper/id,"Plovers, Sandpipers, and Allies",CHARADRIIFORMES,SCOLOPACIDAE,Calidris,subruficollis,""
Short-billed Dowitcher,t,,short-billed_dowitcher,http://www.allaboutbirds.org/guide/short-billed_dowitcher/id,"Plovers, Sandpipers, and Allies",CHARADRIIFORMES,SCOLOPACIDAE,Limnodromus,griseus,""
Long-billed Dowitcher,t,,long-billed_dowitcher,http://www.allaboutbirds.org/guide/long-billed_dowitcher/id,"Plovers, Sandpipers, and Allies",CHARADRIIFORMES,SCOLOPACIDAE,Limnodromus,scolopaceus,""
Wilson's Snipe,B,W,wilsons_snipe,http://www.allaboutbirds.org/guide/wilsons_snipe/id,"Plovers, Sandpipers, and Allies",CHARADRIIFORMES,SCOLOPACIDAE,Gallinago,delicata,"American Woodcock, Short-billed Dowitcher"
American Woodcock,t,w,american_woodcock,http://www.allaboutbirds.org/guide/american_woodcock/id,"Plovers, Sandpipers, and Allies",CHARADRIIFORMES,SCOLOPACIDAE,Scolopax,minor,"Wilson's Snipe, Killdeer"
Wilson's Phalarope,B,,wilsons_phalarope,http://www.allaboutbirds.org/guide/wilsons_phalarope/id,"Plovers, Sandpipers, and Allies",CHARADRIIFORMES,SCOLOPACIDAE,Phalaropus,tricolor,""
Black-legged Kittiwake,t,w,black-legged_kittiwake,http://www.allaboutbirds.org/guide/black-legged_kittiwake/id,"Plovers, Sandpipers, and Allies",CHARADRIIFORMES,LARIDAE,Rissa,tridactyla,""
Sabine's Gull,t,,sabines_gull,http://www.allaboutbirds.org/guide/sabines_gull/id,"Plovers, Sandpipers, and Allies",CHARADRIIFORMES,LARIDAE,Xema,sabini,""
Bonaparte's Gull,t,,bonapartes_gull,http://www.allaboutbirds.org/guide/bonapartes_gull/id,"Plovers, Sandpipers, and Allies",CHARADRIIFORMES,LARIDAE,Chroicocephalus,philadelphia,""
Little Gull,t,,little_gull,http://www.allaboutbirds.org/guide/little_gull/id,"Plovers, Sandpipers, and Allies",CHARADRIIFORMES,LARIDAE,Hydrocoloeus,minutus,""
Ross's Gull,t,,rosss_gull,http://www.allaboutbirds.org/guide/rosss_gull/id,"Plovers, Sandpipers, and Allies",CHARADRIIFORMES,LARIDAE,Rhodostethia,rosea,""
Laughing Gull,t,,laughing_gull,http://www.allaboutbirds.org/guide/laughing_gull/id,"Plovers, Sandpipers, and Allies",CHARADRIIFORMES,LARIDAE,Leucophaeus,atricilla,"Franklin's Gull, Bonaparte's Gull, Ring-billed Gull, Lesser Black-backed Gull"
Franklin's Gull,B,,franklins_gull,http://www.allaboutbirds.org/guide/franklins_gull/id,"Plovers, Sandpipers, and Allies",CHARADRIIFORMES,LARIDAE,Leucophaeus,pipixcan,""
Mew Gull,t,W,mew_gull,http://www.allaboutbirds.org/guide/mew_gull/id,"Plovers, Sandpipers, and Allies",CHARADRIIFORMES,LARIDAE,Larus,canus,""
Ring-billed Gull,B,W,ring-billed_gull,http://www.allaboutbirds.org/guide/ring-billed_gull/id,"Plovers, Sandpipers, and Allies",CHARADRIIFORMES,LARIDAE,Larus,delawarensis,"Herring Gull, California Gull, Mew Gull"
California Gull,B,W,california_gull,http://www.allaboutbirds.org/guide/california_gull/id,"Plovers, Sandpipers, and Allies",CHARADRIIFORMES,LARIDAE,Larus,californicus,"Herring Gull, Ring-billed Gull, Mew Gull, Thayer's Gull"
Herring Gull,B,W,herring_gull,http://www.allaboutbirds.org/guide/herring_gull/id,"Plovers, Sandpipers, and Allies",CHARADRIIFORMES,LARIDAE,Larus,argentatus,"Ring-billed Gull, California Gull"
Thayer's Gull,t,W,thayers_gull,http://www.allaboutbirds.org/guide/thayers_gull/id,"Plovers, Sandpipers, and Allies",CHARADRIIFORMES,LARIDAE,Larus,thayeri,""
Iceland Gull,t,W,iceland_gull,http://www.allaboutbirds.org/guide/iceland_gull/id,"Plovers, Sandpipers, and Allies",CHARADRIIFORMES,LARIDAE,Larus,glaucoides,""
Lesser Black-backed Gull,t,,lesser_black-backed_gull,http://www.allaboutbirds.org/guide/lesser_black-backed_gull/id,"Plovers, Sandpipers, and Allies",CHARADRIIFORMES,LARIDAE,Larus,fuscus,""
Glaucous-winged Gull,t,W,glaucous-winged_gull,http://www.allaboutbirds.org/guide/glaucous-winged_gull/id,"Plovers, Sandpipers, and Allies",CHARADRIIFORMES,LARIDAE,Larus,glaucescens,""
Glaucous Gull,t,W,glaucous_gull,http://www.allaboutbirds.org/guide/glaucous_gull/id,"Plovers, Sandpipers, and Allies",CHARADRIIFORMES,LARIDAE,Larus,hyperboreus,""
Great Black-backed Gull,t,w,great_black-backed_gull,http://www.allaboutbirds.org/guide/great_black-backed_gull/id,"Plovers, Sandpipers, and Allies",CHARADRIIFORMES,LARIDAE,Larus,marinus,Lesser Black-backed Gull
Least Tern,B,,least_tern,http://www.allaboutbirds.org/guide/least_tern/id,"Plovers, Sandpipers, and Allies",CHARADRIIFORMES,LARIDAE,Sternula,antillarum,""
Caspian Tern,B,,caspian_tern,http://www.allaboutbirds.org/guide/caspian_tern/id,"Plovers, Sandpipers, and Allies",CHARADRIIFORMES,LARIDAE,Hydroprogne,caspia,""
Black Tern,B,,black_tern,http://www.allaboutbirds.org/guide/black_tern/id,"Plovers, Sandpipers, and Allies",CHARADRIIFORMES,LARIDAE,Chlidonias,niger,""
Common Tern,B,,common_tern,http://www.allaboutbirds.org/guide/common_tern/id,"Plovers, Sandpipers, and Allies",CHARADRIIFORMES,LARIDAE,Sterna,hirundo,"Arctic Tern, Forster's Tern"
Arctic Tern,B,,arctic_tern,http://www.allaboutbirds.org/guide/arctic_tern/id,"Plovers, Sandpipers, and Allies",CHARADRIIFORMES,LARIDAE,Sterna,paradisaea,""
Forster's Tern,B,,forsters_tern,http://www.allaboutbirds.org/guide/forsters_tern/id,"Plovers, Sandpipers, and Allies",CHARADRIIFORMES,LARIDAE,Sterna,forsteri,""
Ancient Murrelet,t,w,ancient_murrelet,http://www.allaboutbirds.org/guide/ancient_murrelet/id,"Plovers, Sandpipers, and Allies",CHARADRIIFORMES,ALCIDAE,Synthliboramphus,antiquus,""
Rock Pigeon,B,W,rock_pigeon,http://www.allaboutbirds.org/guide/rock_pigeon/id,Pigeons and Doves,COLUMBIFORMES,COLUMBIDAE,Columba,livia,"Band-tailed Pigeon, Eurasian Collared-Dove"
Band-tailed Pigeon,t,,band-tailed_pigeon,http://www.allaboutbirds.org/guide/band-tailed_pigeon/id,Pigeons and Doves,COLUMBIFORMES,COLUMBIDAE,Patagioenas,fasciata,Rock Pigeon
Eurasian Collared-Dove,B,W,eurasian_collared-dove,http://www.allaboutbirds.org/guide/eurasian_collared-dove/id,Pigeons and Doves,COLUMBIFORMES,COLUMBIDAE,Streptopelia,decaocto,"Mourning Dove, White-winged Dove"
White-winged Dove,t,,white-winged_dove,http://www.allaboutbirds.org/guide/white-winged_dove/id,Pigeons and Doves,COLUMBIFORMES,COLUMBIDAE,Zenaida,asiatica,"Rock Pigeon, Mourning Dove, Eurasian Collared-Dove"
Mourning Dove,B,W,mourning_dove,http://www.allaboutbirds.org/guide/mourning_dove/id,Pigeons and Doves,COLUMBIFORMES,COLUMBIDAE,Zenaida,macroura,"Inca Dove, White-winged Dove, Eurasian Collared-Dove, Rock Pigeon"
Inca Dove,t,,inca_dove,http://www.allaboutbirds.org/guide/inca_dove/id,Pigeons and Doves,COLUMBIFORMES,COLUMBIDAE,Columbina,inca,Mourning Dove
Yellow-billed Cuckoo,b,,yellow-billed_cuckoo,http://www.allaboutbirds.org/guide/yellow-billed_cuckoo/id,Cuckoos,CUCULIFORMES,CUCULIDAE,Coccyzus,americanus,Black-billed Cuckoo
Black-billed Cuckoo,B,,black-billed_cuckoo,http://www.allaboutbirds.org/guide/black-billed_cuckoo/id,Cuckoos,CUCULIFORMES,CUCULIDAE,Coccyzus,erythropthalmus,""
Barn Owl,B,w,barn_owl,http://www.allaboutbirds.org/guide/barn_owl/id,Owls,STRIGIFORMES,TYTONIDAE,Tyto,alba,"Short-eared Owl, Snowy Owl, Great Horned Owl, Long-eared Owl"
Flammulated Owl,B,w,flammulated_owl,http://www.allaboutbirds.org/guide/flammulated_owl/id,Owls,STRIGIFORMES,STRIGIDAE,Psiloscops,flammeolus,""
Western Screech-Owl,B,w,western_screech-owl,http://www.allaboutbirds.org/guide/western_screech-owl/id,Owls,STRIGIFORMES,STRIGIDAE,Megascops,kennicottii,""
Eastern Screech-Owl,B,W,eastern_screech-owl,http://www.allaboutbirds.org/guide/eastern_screech-owl/id,Owls,STRIGIFORMES,STRIGIDAE,Megascops,asio,"Western Screech-Owl, Northern Saw-whet Owl"
Great Horned Owl,B,W,great_horned_owl,http://www.allaboutbirds.org/guide/great_horned_owl/id,Owls,STRIGIFORMES,STRIGIDAE,Bubo,virginianus,"Long-eared Owl, Barred Owl"
Snowy Owl,t,W,snowy_owl,http://www.allaboutbirds.org/guide/snowy_owl/id,Owls,STRIGIFORMES,STRIGIDAE,Bubo,scandiacus,"Barn Owl, Gyrfalcon, Red-tailed Hawk"
Northern Hawk Owl,B,W,northern_hawk_owl,http://www.allaboutbirds.org/guide/northern_hawk_owl/id,Owls,STRIGIFORMES,STRIGIDAE,Surnia,ulula,""
Northern Pygmy-Owl,B,W,northern_pygmy-owl,http://www.allaboutbirds.org/guide/northern_pygmy-owl/id,Owls,STRIGIFORMES,STRIGIDAE,Glaucidium,gnoma,""
Burrowing Owl,B,w,burrowing_owl,http://www.allaboutbirds.org/guide/burrowing_owl/id,Owls,STRIGIFORMES,STRIGIDAE,Athene,cunicularia,Short-eared Owl
Barred Owl,B,W,barred_owl,http://www.allaboutbirds.org/guide/barred_owl/id,Owls,STRIGIFORMES,STRIGIDAE,Strix,varia,Great Horned Owl
Great Gray Owl,B,W,great_gray_owl,http://www.allaboutbirds.org/guide/great_gray_owl/id,Owls,STRIGIFORMES,STRIGIDAE,Strix,nebulosa,Barred Owl
Long-eared Owl,B,W,long-eared_owl,http://www.allaboutbirds.org/guide/long-eared_owl/id,Owls,STRIGIFORMES,STRIGIDAE,Asio,otus,"Great Horned Owl, Short-eared Owl"
Short-eared Owl,B,W,short-eared_owl,http://www.allaboutbirds.org/guide/short-eared_owl/id,Owls,STRIGIFORMES,STRIGIDAE,Asio,flammeus,Long-eared Owl
Boreal Owl,B,W,boreal_owl,http://www.allaboutbirds.org/guide/boreal_owl/id,Owls,STRIGIFORMES,STRIGIDAE,Aegolius,funereus,""
Northern Saw-whet Owl,B,W,northern_saw-whet_owl,http://www.allaboutbirds.org/guide/northern_saw-whet_owl/id,Owls,STRIGIFORMES,STRIGIDAE,Aegolius,acadicus,"Boreal Owl, Eastern Screech-Owl, Western Screech-Owl, Barred Owl"
Common Nighthawk,B,,common_nighthawk,http://www.allaboutbirds.org/guide/common_nighthawk/id,Nightjars,CAPRIMULGIFORMES,CAPRIMULGIDAE,Chordeiles,minor,""
Common Poorwill,B,,common_poorwill,http://www.allaboutbirds.org/guide/common_poorwill/id,Nightjars,CAPRIMULGIFORMES,CAPRIMULGIDAE,Phalaenoptilus,nuttallii,""
Chimney Swift,B,,chimney_swift,http://www.allaboutbirds.org/guide/chimney_swift/id,Swifts and Hummingbirds,APODIFORMES,APODIDAE,Chaetura,pelagica,""
Vaux's Swift,B,,vauxs_swift,http://www.allaboutbirds.org/guide/vauxs_swift/id,Swifts and Hummingbirds,APODIFORMES,APODIDAE,Chaetura,vauxi,""
White-throated Swift,B,,white-throated_swift,http://www.allaboutbirds.org/guide/white-throated_swift/id,Swifts and Hummingbirds,APODIFORMES,APODIDAE,Aeronautes,saxatalis,""
Ruby-throated Hummingbird,B,,ruby-throated_hummingbird,http://www.allaboutbirds.org/guide/ruby-throated_hummingbird/id,Swifts and Hummingbirds,APODIFORMES,TROCHILIDAE,Archilochus,colubris,"Anna's Hummingbird, Black-chinned Hummingbird, Broad-tailed Hummingbird, Calliope Hummingbird, Rufous Hummingbird, Costa's Hummingbird"
Black-chinned Hummingbird,B,,black-chinned_hummingbird,http://www.allaboutbirds.org/guide/black-chinned_hummingbird/id,Swifts and Hummingbirds,APODIFORMES,TROCHILIDAE,Archilochus,alexandri,"Anna's Hummingbird, Broad-tailed Hummingbird, Calliope Hummingbird, Rufous Hummingbird, Ruby-throated Hummingbird, Costa's Hummingbird"
Anna's Hummingbird,t,W,annas_hummingbird,http://www.allaboutbirds.org/guide/annas_hummingbird/id,Swifts and Hummingbirds,APODIFORMES,TROCHILIDAE,Calypte,anna,"Costa's Hummingbird, Black-chinned Hummingbird, Broad-tailed Hummingbird, Rufous Hummingbird"
Costa's Hummingbird,t,,costas_hummingbird,http://www.allaboutbirds.org/guide/costas_hummingbird/id,Swifts and Hummingbirds,APODIFORMES,TROCHILIDAE,Calypte,costae,""
Calliope Hummingbird,B,,calliope_hummingbird,http://www.allaboutbirds.org/guide/calliope_hummingbird/id,Swifts and Hummingbirds,APODIFORMES,TROCHILIDAE,Selasphorus,calliope,""
Broad-tailed Hummingbird,B,,broad-tailed_hummingbird,http://www.allaboutbirds.org/guide/broad-tailed_hummingbird/id,Swifts and Hummingbirds,APODIFORMES,TROCHILIDAE,Selasphorus,platycercus,"Rufous Hummingbird, Ruby-throated Hummingbird"
Rufous Hummingbird,B,,rufous_hummingbird,http://www.allaboutbirds.org/guide/rufous_hummingbird/id,Swifts and Hummingbirds,APODIFORMES,TROCHILIDAE,Selasphorus,rufus,"Broad-tailed Hummingbird, Ruby-throated Hummingbird"
Belted Kingfisher,B,W,belted_kingfisher,http://www.allaboutbirds.org/guide/belted_kingfisher/id,Kingfishers and Allies,CORACIIFORMES,ALCEDINIDAE,Megaceryle,alcyon,Blue Jay
Lewis's Woodpecker,B,W,lewiss_woodpecker,http://www.allaboutbirds.org/guide/lewiss_woodpecker/id,Woodpeckers,PICIFORMES,PICIDAE,Melanerpes,lewis,""
Red-headed Woodpecker,B,w,red-headed_woodpecker,http://www.allaboutbirds.org/guide/red-headed_woodpecker/id,Woodpeckers,PICIFORMES,PICIDAE,Melanerpes,erythrocephalus,"Pileated Woodpecker, Red-bellied Woodpecker"
Red-bellied Woodpecker,t,,red-bellied_woodpecker,http://www.allaboutbirds.org/guide/red-bellied_woodpecker/id,Woodpeckers,PICIFORMES,PICIDAE,Melanerpes,carolinus,"Yellow-bellied Sapsucker, Red-headed Woodpecker, Northern Flicker"
Williamson's Sapsucker,B,,williamsons_sapsucker,http://www.allaboutbirds.org/guide/williamsons_sapsucker/id,Woodpeckers,PICIFORMES,PICIDAE,Sphyrapicus,thyroideus,""
Yellow-bellied Sapsucker,t,,yellow-bellied_sapsucker,http://www.allaboutbirds.org/guide/yellow-bellied_sapsucker/id,Woodpeckers,PICIFORMES,PICIDAE,Sphyrapicus,varius,"Red-naped Sapsucker, Downy Woodpecker, Hairy Woodpecker"
Red-naped Sapsucker,B,w,red-naped_sapsucker,http://www.allaboutbirds.org/guide/red-naped_sapsucker/id,Woodpeckers,PICIFORMES,PICIDAE,Sphyrapicus,nuchalis,""
Downy Woodpecker,B,W,downy_woodpecker,http://www.allaboutbirds.org/guide/downy_woodpecker/id,Woodpeckers,PICIFORMES,PICIDAE,Picoides,pubescens,"Yellow-bellied Sapsucker, White-breasted Nuthatch, Hairy Woodpecker"
Hairy Woodpecker,B,W,hairy_woodpecker,http://www.allaboutbirds.org/guide/hairy_woodpecker/id,Woodpeckers,PICIFORMES,PICIDAE,Picoides,villosus,"Yellow-bellied Sapsucker, Downy Woodpecker"
White-headed Woodpecker,t,w,white-headed_woodpecker,http://www.allaboutbirds.org/guide/white-headed_woodpecker/id,Woodpeckers,PICIFORMES,PICIDAE,Picoides,albolarvatus,""
American Three-toed Woodpecker,B,W,american_three-toed_woodpecker,http://www.allaboutbirds.org/guide/american_three-toed_woodpecker/id,Woodpeckers,PICIFORMES,PICIDAE,Picoides,dorsalis,""
Black-backed Woodpecker,B,W,black-backed_woodpecker,http://www.allaboutbirds.org/guide/black-backed_woodpecker/id,Woodpeckers,PICIFORMES,PICIDAE,Picoides,arcticus,""
Northern Flicker,B,W,northern_flicker,http://www.allaboutbirds.org/guide/northern_flicker/id,Woodpeckers,PICIFORMES,PICIDAE,Colaptes,auratus,"Yellow-bellied Sapsucker, Eastern Meadowlark, Red-bellied Woodpecker"
Pileated Woodpecker,B,W,pileated_woodpecker,http://www.allaboutbirds.org/guide/pileated_woodpecker/id,Woodpeckers,PICIFORMES,PICIDAE,Dryocopus,pileatus,"Red-headed Woodpecker, American Crow"
Olive-sided Flycatcher,B,,olive-sided_flycatcher,http://www.allaboutbirds.org/guide/olive-sided_flycatcher/id,Perching Birds,PASSERIFORMES,TYRANNIDAE,Contopus,cooperi,"Eastern Wood-Pewee, Western Wood-Pewee"
Western Wood-Pewee,B,,western_wood-pewee,http://www.allaboutbirds.org/guide/western_wood-pewee/id,Perching Birds,PASSERIFORMES,TYRANNIDAE,Contopus,sordidulus,""
Eastern Wood-Pewee,t,,eastern_wood-pewee,http://www.allaboutbirds.org/guide/eastern_wood-pewee/id,Perching Birds,PASSERIFORMES,TYRANNIDAE,Contopus,virens,"Western Wood-Pewee, Olive-sided Flycatcher, Eastern Phoebe, Willow Flycatcher"
Yellow-bellied Flycatcher,t,,yellow-bellied_flycatcher,http://www.allaboutbirds.org/guide/yellow-bellied_flycatcher/id,Perching Birds,PASSERIFORMES,TYRANNIDAE,Empidonax,flaviventris,""
Alder Flycatcher,b,,alder_flycatcher,http://www.allaboutbirds.org/guide/alder_flycatcher/id,Perching Birds,PASSERIFORMES,TYRANNIDAE,Empidonax,alnorum,""
Willow Flycatcher,B,,willow_flycatcher,http://www.allaboutbirds.org/guide/willow_flycatcher/id,Perching Birds,PASSERIFORMES,TYRANNIDAE,Empidonax,traillii,""
Least Flycatcher,B,,least_flycatcher,http://www.allaboutbirds.org/guide/least_flycatcher/id,Perching Birds,PASSERIFORMES,TYRANNIDAE,Empidonax,minimus,"Willow Flycatcher, Alder Flycatcher, Eastern Wood-Pewee"
Hammond's Flycatcher,B,,hammonds_flycatcher,http://www.allaboutbirds.org/guide/hammonds_flycatcher/id,Perching Birds,PASSERIFORMES,TYRANNIDAE,Empidonax,hammondii,""
Gray Flycatcher,B,,gray_flycatcher,http://www.allaboutbirds.org/guide/gray_flycatcher/id,Perching Birds,PASSERIFORMES,TYRANNIDAE,Empidonax,wrightii,""
Dusky Flycatcher,B,,dusky_flycatcher,http://www.allaboutbirds.org/guide/dusky_flycatcher/id,Perching Birds,PASSERIFORMES,TYRANNIDAE,Empidonax,oberholseri,""
Cordilleran Flycatcher,B,,cordilleran_flycatcher,http://www.allaboutbirds.org/guide/cordilleran_flycatcher/id,Perching Birds,PASSERIFORMES,TYRANNIDAE,Empidonax,occidentalis,""
Eastern Phoebe,t,w,eastern_phoebe,http://www.allaboutbirds.org/guide/eastern_phoebe/id,Perching Birds,PASSERIFORMES,TYRANNIDAE,Sayornis,phoebe,"Say's Phoebe, Dark-eyed Junco, Eastern Wood-Pewee, Willow Flycatcher, Least Flycatcher"
Say's Phoebe,B,w,says_phoebe,http://www.allaboutbirds.org/guide/says_phoebe/id,Perching Birds,PASSERIFORMES,TYRANNIDAE,Sayornis,saya,"Vermilion Flycatcher, Eastern Phoebe, Scissor-tailed Flycatcher"
Vermilion Flycatcher,,w,vermilion_flycatcher,http://www.allaboutbirds.org/guide/vermilion_flycatcher/id,Perching Birds,PASSERIFORMES,TYRANNIDAE,Pyrocephalus,rubinus,Say's Phoebe
Ash-throated Flycatcher,t,,ash-throated_flycatcher,http://www.allaboutbirds.org/guide/ash-throated_flycatcher/id,Perching Birds,PASSERIFORMES,TYRANNIDAE,Myiarchus,cinerascens,Great Crested Flycatcher
Great Crested Flycatcher,t,,great_crested_flycatcher,http://www.allaboutbirds.org/guide/great_crested_flycatcher/id,Perching Birds,PASSERIFORMES,TYRANNIDAE,Myiarchus,crinitus,""
Cassin's Kingbird,B,,cassins_kingbird,http://www.allaboutbirds.org/guide/cassins_kingbird/id,Perching Birds,PASSERIFORMES,TYRANNIDAE,Tyrannus,vociferans,""
Western Kingbird,B,w,western_kingbird,http://www.allaboutbirds.org/guide/western_kingbird/id,Perching Birds,PASSERIFORMES,TYRANNIDAE,Tyrannus,verticalis,Cassin's Kingbird
Eastern Kingbird,B,,eastern_kingbird,http://www.allaboutbirds.org/guide/eastern_kingbird/id,Perching Birds,PASSERIFORMES,TYRANNIDAE,Tyrannus,tyrannus,Eastern Phoebe
Scissor-tailed Flycatcher,t,,scissor-tailed_flycatcher,http://www.allaboutbirds.org/guide/scissor-tailed_flycatcher/id,Perching Birds,PASSERIFORMES,TYRANNIDAE,Tyrannus,forficatus,"Western Kingbird, Say's Phoebe"
Loggerhead Shrike,B,W,loggerhead_shrike,http://www.allaboutbirds.org/guide/loggerhead_shrike/id,Perching Birds,PASSERIFORMES,LANIIDAE,Lanius,ludovicianus,"Northern Shrike, Northern Mockingbird"
Northern Shrike,t,W,northern_shrike,http://www.allaboutbirds.org/guide/northern_shrike/id,Perching Birds,PASSERIFORMES,LANIIDAE,Lanius,excubitor,"Loggerhead Shrike, Northern Mockingbird"
White-eyed Vireo,b,,white-eyed_vireo,http://www.allaboutbirds.org/guide/white-eyed_vireo/id,Perching Birds,PASSERIFORMES,VIREONIDAE,Vireo,griseus,""
Yellow-throated Vireo,b,,yellow-throated_vireo,http://www.allaboutbirds.org/guide/yellow-throated_vireo/id,Perching Birds,PASSERIFORMES,VIREONIDAE,Vireo,flavifrons,""
Plumbeous Vireo,B,,plumbeous_vireo,http://www.allaboutbirds.org/guide/plumbeous_vireo/id,Perching Birds,PASSERIFORMES,VIREONIDAE,Vireo,plumbeus,""
Cassin's Vireo,B,,cassins_vireo,http://www.allaboutbirds.org/guide/cassins_vireo/id,Perching Birds,PASSERIFORMES,VIREONIDAE,Vireo,cassinii,""
Blue-headed Vireo,t,,blue-headed_vireo,http://www.allaboutbirds.org/guide/blue-headed_vireo/id,Perching Birds,PASSERIFORMES,VIREONIDAE,Vireo,solitarius,"Cassin's Vireo, Plumbeous Vireo"
Warbling Vireo,B,,warbling_vireo,http://www.allaboutbirds.org/guide/warbling_vireo/id,Perching Birds,PASSERIFORMES,VIREONIDAE,Vireo,gilvus,"Red-eyed Vireo, Philadelphia Vireo"
Philadelphia Vireo,t,,philadelphia_vireo,http://www.allaboutbirds.org/guide/philadelphia_vireo/id,Perching Birds,PASSERIFORMES,VIREONIDAE,Vireo,philadelphicus,""
Red-eyed Vireo,B,,red-eyed_vireo,http://www.allaboutbirds.org/guide/red-eyed_vireo/id,Perching Birds,PASSERIFORMES,VIREONIDAE,Vireo,olivaceus,"Warbling Vireo, Tennessee Warbler, Philadelphia Vireo"
Gray Jay,B,W,gray_jay,http://www.allaboutbirds.org/guide/gray_jay/id,Perching Birds,PASSERIFORMES,CORVIDAE,Perisoreus,canadensis,""
Pinyon Jay,B,W,pinyon_jay,http://www.allaboutbirds.org/guide/pinyon_jay/id,Perching Birds,PASSERIFORMES,CORVIDAE,Gymnorhinus,cyanocephalus,""
Steller's Jay,B,W,stellers_jay,http://www.allaboutbirds.org/guide/stellers_jay/id,Perching Birds,PASSERIFORMES,CORVIDAE,Cyanocitta,stelleri,"Blue Jay, Western Scrub-Jay, Pinyon Jay"
Blue Jay,B,W,blue_jay,http://www.allaboutbirds.org/guide/blue_jay/id,Perching Birds,PASSERIFORMES,CORVIDAE,Cyanocitta,cristata,"Western Scrub-Jay, Steller's Jay, Eastern Bluebird, Pinyon Jay"
Western Scrub-Jay,t,W,western_scrub-jay,http://www.allaboutbirds.org/guide/western_scrub-jay/id,Perching Birds,PASSERIFORMES,CORVIDAE,Aphelocoma,californica,"Blue Jay, Western Bluebird, Steller's Jay, Pinyon Jay"
Clark's Nutcracker,B,W,clarks_nutcracker,http://www.allaboutbirds.org/guide/clarks_nutcracker/id,Perching Birds,PASSERIFORMES,CORVIDAE,Nucifraga,columbiana,Gray Jay
Black-billed Magpie,B,W,black-billed_magpie,http://www.allaboutbirds.org/guide/black-billed_magpie/id,Perching Birds,PASSERIFORMES,CORVIDAE,Pica,hudsonia,""
American Crow,B,W,american_crow,http://www.allaboutbirds.org/guide/american_crow/id,Perching Birds,PASSERIFORMES,CORVIDAE,Corvus,brachyrhynchos,"Common Raven, Common Grackle, Great-tailed Grackle, Brewer's Blackbird"
Common Raven,B,W,common_raven,http://www.allaboutbirds.org/guide/common_raven/id,Perching Birds,PASSERIFORMES,CORVIDAE,Corvus,corax,"American Crow, Common Grackle, Great-tailed Grackle"
Horned Lark,B,W,horned_lark,http://www.allaboutbirds.org/guide/horned_lark/id,Perching Birds,PASSERIFORMES,ALAUDIDAE,Eremophila,alpestris,"American Pipit, Smith's Longspur"
Purple Martin,B,,purple_martin,http://www.allaboutbirds.org/guide/purple_martin/id,Perching Birds,PASSERIFORMES,HIRUNDINIDAE,Progne,subis,"Tree Swallow, Barn Swallow, European Starling"
Tree Swallow,B,,tree_swallow,http://www.allaboutbirds.org/guide/tree_swallow/id,Perching Birds,PASSERIFORMES,HIRUNDINIDAE,Tachycineta,bicolor,"Bank Swallow, Northern Rough-winged Swallow, Violet-green Swallow"
Violet-green Swallow,B,,violet-green_swallow,http://www.allaboutbirds.org/guide/violet-green_swallow/id,Perching Birds,PASSERIFORMES,HIRUNDINIDAE,Tachycineta,thalassina,Tree Swallow
Northern Rough-winged Swallow,B,,northern_rough-winged_swallow,http://www.allaboutbirds.org/guide/northern_rough-winged_swallow/id,Perching Birds,PASSERIFORMES,HIRUNDINIDAE,Stelgidopteryx,serripennis,""
Bank Swallow,B,,bank_swallow,http://www.allaboutbirds.org/guide/bank_swallow/id,Perching Birds,PASSERIFORMES,HIRUNDINIDAE,Riparia,riparia,"Tree Swallow, Northern Rough-winged Swallow"
Cliff Swallow,B,,cliff_swallow,http://www.allaboutbirds.org/guide/cliff_swallow/id,Perching Birds,PASSERIFORMES,HIRUNDINIDAE,Petrochelidon,pyrrhonota,Barn Swallow
Barn Swallow,B,,barn_swallow,http://www.allaboutbirds.org/guide/barn_swallow/id,Perching Birds,PASSERIFORMES,HIRUNDINIDAE,Hirundo,rustica,"Cliff Swallow, Tree Swallow"
Black-capped Chickadee,B,W,black-capped_chickadee,http://www.allaboutbirds.org/guide/black-capped_chickadee/id,Perching Birds,PASSERIFORMES,PARIDAE,Poecile,atricapillus,"Mountain Chickadee, Chestnut-backed Chickadee, Boreal Chickadee, White-breasted Nuthatch"
Mountain Chickadee,B,W,mountain_chickadee,http://www.allaboutbirds.org/guide/mountain_chickadee/id,Perching Birds,PASSERIFORMES,PARIDAE,Poecile,gambeli,"Black-capped Chickadee, Boreal Chickadee, Chestnut-backed Chickadee"
Chestnut-backed Chickadee,B,W,chestnut-backed_chickadee,http://www.allaboutbirds.org/guide/chestnut-backed_chickadee/id,Perching Birds,PASSERIFORMES,PARIDAE,Poecile,rufescens,"Black-capped Chickadee, Boreal Chickadee, Mountain Chickadee"
Boreal Chickadee,B,W,boreal_chickadee,http://www.allaboutbirds.org/guide/boreal_chickadee/id,Perching Birds,PASSERIFORMES,PARIDAE,Poecile,hudsonicus,""
Red-breasted Nuthatch,B,W,red-breasted_nuthatch,http://www.allaboutbirds.org/guide/red-breasted_nuthatch/id,Perching Birds,PASSERIFORMES,SITTIDAE,Sitta,canadensis,"Black-and-white Warbler, White-breasted Nuthatch, Brown Creeper, Pygmy Nuthatch"
White-breasted Nuthatch,B,W,white-breasted_nuthatch,http://www.allaboutbirds.org/guide/white-breasted_nuthatch/id,Perching Birds,PASSERIFORMES,SITTIDAE,Sitta,carolinensis,"Black-capped Chickadee, Brown Creeper, Pygmy Nuthatch, Red-breasted Nuthatch"
Pygmy Nuthatch,B,W,pygmy_nuthatch,http://www.allaboutbirds.org/guide/pygmy_nuthatch/id,Perching Birds,PASSERIFORMES,SITTIDAE,Sitta,pygmaea,"Red-breasted Nuthatch, White-breasted Nuthatch"
Brown Creeper,B,W,brown_creeper,http://www.allaboutbirds.org/guide/brown_creeper/id,Perching Birds,PASSERIFORMES,CERTHIIDAE,Certhia,americana,"White-breasted Nuthatch, House Wren, Black-and-white Warbler"
Rock Wren,B,w,rock_wren,http://www.allaboutbirds.org/guide/rock_wren/id,Perching Birds,PASSERIFORMES,TROGLODYTIDAE,Salpinctes,obsoletus,""
Canyon Wren,B,W,canyon_wren,http://www.allaboutbirds.org/guide/canyon_wren/id,Perching Birds,PASSERIFORMES,TROGLODYTIDAE,Catherpes,mexicanus,""
Carolina Wren,t,,carolina_wren,http://www.allaboutbirds.org/guide/carolina_wren/id,Perching Birds,PASSERIFORMES,TROGLODYTIDAE,Thryothorus,ludovicianus,"Bewick's Wren, House Wren"
Bewick's Wren,t,W,bewicks_wren,http://www.allaboutbirds.org/guide/bewicks_wren/id,Perching Birds,PASSERIFORMES,TROGLODYTIDAE,Thryomanes,bewickii,"House Wren, Carolina Wren"
House Wren,B,w,house_wren,http://www.allaboutbirds.org/guide/house_wren/id,Perching Birds,PASSERIFORMES,TROGLODYTIDAE,Troglodytes,aedon,"Bewick's Wren, Winter Wren, Brown Creeper, Carolina Wren, Common Yellowthroat"
Pacific Wren,B,W,pacific_wren,http://www.allaboutbirds.org/guide/pacific_wren/id,Perching Birds,PASSERIFORMES,TROGLODYTIDAE,Troglodytes,pacificus,""
Winter Wren,t,,winter_wren,http://www.allaboutbirds.org/guide/winter_wren/id,Perching Birds,PASSERIFORMES,TROGLODYTIDAE,Troglodytes,hiemalis,House Wren
Sedge Wren,B,,sedge_wren,http://www.allaboutbirds.org/guide/sedge_wren/id,Perching Birds,PASSERIFORMES,TROGLODYTIDAE,Cistothorus,platensis,""
Marsh Wren,B,W,marsh_wren,http://www.allaboutbirds.org/guide/marsh_wren/id,Perching Birds,PASSERIFORMES,TROGLODYTIDAE,Cistothorus,palustris,""
Blue-gray Gnatcatcher,B,,blue-gray_gnatcatcher,http://www.allaboutbirds.org/guide/blue-gray_gnatcatcher/id,Perching Birds,PASSERIFORMES,POLIOPTILIDAE,Polioptila,caerulea,Golden-crowned Kinglet
American Dipper,B,W,american_dipper,http://www.allaboutbirds.org/guide/american_dipper/id,Perching Birds,PASSERIFORMES,CINCLIDAE,Cinclus,mexicanus,""
Golden-crowned Kinglet,B,W,golden-crowned_kinglet,http://www.allaboutbirds.org/guide/golden-crowned_kinglet/id,Perching Birds,PASSERIFORMES,REGULIDAE,Regulus,satrapa,Ruby-crowned Kinglet
Ruby-crowned Kinglet,B,W,ruby-crowned_kinglet,http://www.allaboutbirds.org/guide/ruby-crowned_kinglet/id,Perching Birds,PASSERIFORMES,REGULIDAE,Regulus,calendula,Golden-crowned Kinglet
Eastern Bluebird,B,W,eastern_bluebird,http://www.allaboutbirds.org/guide/eastern_bluebird/id,Perching Birds,PASSERIFORMES,TURDIDAE,Sialia,sialis,"Black-throated Blue Warbler, Blue Jay, Western Bluebird, Indigo Bunting, Lazuli Bunting, Mountain Bluebird"
Western Bluebird,B,w,western_bluebird,http://www.allaboutbirds.org/guide/western_bluebird/id,Perching Birds,PASSERIFORMES,TURDIDAE,Sialia,mexicana,"Mountain Bluebird, Eastern Bluebird"
Mountain Bluebird,B,w,mountain_bluebird,http://www.allaboutbirds.org/guide/mountain_bluebird/id,Perching Birds,PASSERIFORMES,TURDIDAE,Sialia,currucoides,"Eastern Bluebird, Western Bluebird"
Townsend's Solitaire,B,W,townsends_solitaire,http://www.allaboutbirds.org/guide/townsends_solitaire/id,Perching Birds,PASSERIFORMES,TURDIDAE,Myadestes,townsendi,Mountain Bluebird
Veery,B,,veery,http://www.allaboutbirds.org/guide/veery/id,Perching Birds,PASSERIFORMES,TURDIDAE,Catharus,fuscescens,Swainson's Thrush
Gray-cheeked Thrush,t,,gray-cheeked_thrush,http://www.allaboutbirds.org/guide/gray-cheeked_thrush/id,Perching Birds,PASSERIFORMES,TURDIDAE,Catharus,minimus,""
Swainson's Thrush,B,,swainsons_thrush,http://www.allaboutbirds.org/guide/swainsons_thrush/id,Perching Birds,PASSERIFORMES,TURDIDAE,Catharus,ustulatus,"Hermit Thrush, Gray-cheeked Thrush, Veery, Wood Thrush"
Hermit Thrush,B,w,hermit_thrush,http://www.allaboutbirds.org/guide/hermit_thrush/id,Perching Birds,PASSERIFORMES,TURDIDAE,Catharus,guttatus,"Swainson's Thrush, Veery, Gray-cheeked Thrush, Wood Thrush"
Wood Thrush,t,,wood_thrush,http://www.allaboutbirds.org/guide/wood_thrush/id,Perching Birds,PASSERIFORMES,TURDIDAE,Hylocichla,mustelina,"American Robin, Hermit Thrush, Ovenbird, Swainson's Thrush"
American Robin,B,W,american_robin,http://www.allaboutbirds.org/guide/american_robin/id,Perching Birds,PASSERIFORMES,TURDIDAE,Turdus,migratorius,"Eastern Bluebird, Eastern Towhee, Orchard Oriole, Say's Phoebe, Varied Thrush, Vermilion Flycatcher, Wood Thrush"
Varied Thrush,B,W,varied_thrush,http://www.allaboutbirds.org/guide/varied_thrush/id,Perching Birds,PASSERIFORMES,TURDIDAE,Ixoreus,naevius,American Robin
Gray Catbird,B,w,gray_catbird,http://www.allaboutbirds.org/guide/gray_catbird/id,Perching Birds,PASSERIFORMES,MIMIDAE,Dumetella,carolinensis,"Blue-gray Gnatcatcher, Brown-headed Cowbird, Northern Mockingbird, Townsend's Solitaire"
Northern Mockingbird,B,W,northern_mockingbird,http://www.allaboutbirds.org/guide/northern_mockingbird/id,Perching Birds,PASSERIFORMES,MIMIDAE,Mimus,polyglottos,"Loggerhead Shrike, Northern Shrike, Blue-gray Gnatcatcher, Townsend's Solitaire, Gray Catbird"
Sage Thrasher,B,,sage_thrasher,http://www.allaboutbirds.org/guide/sage_thrasher/id,Perching Birds,PASSERIFORMES,MIMIDAE,Oreoscoptes,montanus,""
Brown Thrasher,B,W,brown_thrasher,http://www.allaboutbirds.org/guide/brown_thrasher/id,Perching Birds,PASSERIFORMES,MIMIDAE,Toxostoma,rufum,Wood Thrush
Curve-billed Thrasher,t,W,curve-billed_thrasher,http://www.allaboutbirds.org/guide/curve-billed_thrasher/id,Perching Birds,PASSERIFORMES,MIMIDAE,Toxostoma,curvirostre,""
European Starling,B,W,european_starling,http://www.allaboutbirds.org/guide/european_starling/id,Perching Birds,PASSERIFORMES,STURNIDAE,Sturnus,vulgaris,"Brewer's Blackbird, Brown-headed Cowbird, Common Grackle, Rusty Blackbird, Red-winged Blackbird"
American Pipit,B,W,american_pipit,http://www.allaboutbirds.org/guide/american_pipit/id,Perching Birds,PASSERIFORMES,MOTACILLIDAE,Anthus,rubescens,"Sprague's Pipit, Vesper Sparrow"
Sprague's Pipit,B,,spragues_pipit,http://www.allaboutbirds.org/guide/spragues_pipit/id,Perching Birds,PASSERIFORMES,MOTACILLIDAE,Anthus,spragueii,""
Bohemian Waxwing,b,W,bohemian_waxwing,http://www.allaboutbirds.org/guide/bohemian_waxwing/id,Perching Birds,PASSERIFORMES,BOMBYCILLIDAE,Bombycilla,garrulus,Cedar Waxwing
Cedar Waxwing,B,W,cedar_waxwing,http://www.allaboutbirds.org/guide/cedar_waxwing/id,Perching Birds,PASSERIFORMES,BOMBYCILLIDAE,Bombycilla,cedrorum,Bohemian Waxwing
Lapland Longspur,t,W,lapland_longspur,http://www.allaboutbirds.org/guide/lapland_longspur/id,Perching Birds,PASSERIFORMES,CALCARIIDAE,Calcarius,lapponicus,""
Chestnut-collared Longspur,B,,chestnut-collared_longspur,http://www.allaboutbirds.org/guide/chestnut-collared_longspur/id,Perching Birds,PASSERIFORMES,CALCARIIDAE,Calcarius,ornatus,""
Smith's Longspur,t,,smiths_longspur,http://www.allaboutbirds.org/guide/smiths_longspur/id,Perching Birds,PASSERIFORMES,CALCARIIDAE,Calcarius,pictus,""
McCown's Longspur,B,,mccowns_longspur,http://www.allaboutbirds.org/guide/mccowns_longspur/id,Perching Birds,PASSERIFORMES,CALCARIIDAE,Rhynchophanes,mccownii,""
Snow Bunting,t,W,snow_bunting,http://www.allaboutbirds.org/guide/snow_bunting/id,Perching Birds,PASSERIFORMES,CALCARIIDAE,Plectrophenax,nivalis,""
Ovenbird,B,,ovenbird,http://www.allaboutbirds.org/guide/ovenbird/id,Perching Birds,PASSERIFORMES,PARULIDAE,Seiurus,aurocapilla,"Northern Waterthrush, Swainson's Thrush, Wood Thrush, Song Sparrow"
Northern Waterthrush,B,,northern_waterthrush,http://www.allaboutbirds.org/guide/northern_waterthrush/id,Perching Birds,PASSERIFORMES,PARULIDAE,Parkesia,noveboracensis,""
Golden-winged Warbler,t,,golden-winged_warbler,http://www.allaboutbirds.org/guide/golden-winged_warbler/id,Perching Birds,PASSERIFORMES,PARULIDAE,Vermivora,chrysoptera,""
Blue-winged Warbler,t,,blue-winged_warbler,http://www.allaboutbirds.org/guide/blue-winged_warbler/id,Perching Birds,PASSERIFORMES,PARULIDAE,Vermivora,cyanoptera,""
Black-and-White Warbler,B,,black-and-white_warbler,http://www.allaboutbirds.org/guide/black-and-white_warbler/id,Perching Birds,PASSERIFORMES,PARULIDAE,Mniotilta,varia,Blackpoll Warbler
Prothonotary Warbler,t,,prothonotary_warbler,http://www.allaboutbirds.org/guide/prothonotary_warbler/id,Perching Birds,PASSERIFORMES,PARULIDAE,Protonotaria,citrea,""
Tennessee Warbler,B,,tennessee_warbler,http://www.allaboutbirds.org/guide/tennessee_warbler/id,Perching Birds,PASSERIFORMES,PARULIDAE,Oreothlypis,peregrina,""
Orange-crowned Warbler,B,,orange-crowned_warbler,http://www.allaboutbirds.org/guide/orange-crowned_warbler/id,Perching Birds,PASSERIFORMES,PARULIDAE,Oreothlypis,celata,"Tennessee Warbler, Yellow Warbler, Philadelphia Vireo, Nashville Warbler, Common Yellowthroat"
Nashville Warbler,B,,nashville_warbler,http://www.allaboutbirds.org/guide/nashville_warbler/id,Perching Birds,PASSERIFORMES,PARULIDAE,Oreothlypis,ruficapilla,""
Connecticut Warbler,t,,connecticut_warbler,http://www.allaboutbirds.org/guide/connecticut_warbler/id,Perching Birds,PASSERIFORMES,PARULIDAE,Oporornis,agilis,""
MacGillivray's Warbler,B,,macgillivrays_warbler,http://www.allaboutbirds.org/guide/macgillivrays_warbler/id,Perching Birds,PASSERIFORMES,PARULIDAE,Geothlypis,tolmiei,""
Mourning Warbler,t,,mourning_warbler,http://www.allaboutbirds.org/guide/mourning_warbler/id,Perching Birds,PASSERIFORMES,PARULIDAE,Geothlypis,philadelphia,""
Kentucky Warbler,t,,kentucky_warbler,http://www.allaboutbirds.org/guide/kentucky_warbler/id,Perching Birds,PASSERIFORMES,PARULIDAE,Geothlypis,formosa,""
Common Yellowthroat,B,w,common_yellowthroat,http://www.allaboutbirds.org/guide/common_yellowthroat/id,Perching Birds,PASSERIFORMES,PARULIDAE,Geothlypis,trichas,"Connecticut Warbler, Nashville Warbler, American Goldfinch"
Hooded Warbler,t,,hooded_warbler,http://www.allaboutbirds.org/guide/hooded_warbler/id,Perching Birds,PASSERIFORMES,PARULIDAE,Setophaga,citrina,""
American Redstart,B,,american_redstart,http://www.allaboutbirds.org/guide/american_redstart/id,Perching Birds,PASSERIFORMES,PARULIDAE,Setophaga,ruticilla,"Blackburnian Warbler, Magnolia Warbler, Baltimore Oriole"
Cape May Warbler,t,,cape_may_warbler,http://www.allaboutbirds.org/guide/cape_may_warbler/id,Perching Birds,PASSERIFORMES,PARULIDAE,Setophaga,tigrina,""
Northern Parula,t,,northern_parula,http://www.allaboutbirds.org/guide/northern_parula/id,Perching Birds,PASSERIFORMES,PARULIDAE,Setophaga,americana,""
Magnolia Warbler,t,,magnolia_warbler,http://www.allaboutbirds.org/guide/magnolia_warbler/id,Perching Birds,PASSERIFORMES,PARULIDAE,Setophaga,magnolia,"American Redstart, Canada Warbler, Nashville Warbler, Cape May Warbler"
Bay-breasted Warbler,t,,bay-breasted_warbler,http://www.allaboutbirds.org/guide/bay-breasted_warbler/id,Perching Birds,PASSERIFORMES,PARULIDAE,Setophaga,castanea,""
Blackburnian Warbler,t,,blackburnian_warbler,http://www.allaboutbirds.org/guide/blackburnian_warbler/id,Perching Birds,PASSERIFORMES,PARULIDAE,Setophaga,fusca,""
Yellow Warbler,B,,yellow_warbler,http://www.allaboutbirds.org/guide/yellow_warbler/id,Perching Birds,PASSERIFORMES,PARULIDAE,Setophaga,petechia,"Wilson's Warbler, Hooded Warbler, Orange-crowned Warbler, Palm Warbler"
Chestnut-sided Warbler,t,,chestnut-sided_warbler,http://www.allaboutbirds.org/guide/chestnut-sided_warbler/id,Perching Birds,PASSERIFORMES,PARULIDAE,Setophaga,pensylvanica,Bay-breasted Warbler
Blackpoll Warbler,t,,blackpoll_warbler,http://www.allaboutbirds.org/guide/blackpoll_warbler/id,Perching Birds,PASSERIFORMES,PARULIDAE,Setophaga,striata,"Bay-breasted Warbler, Black-and-white Warbler, Pine Warbler"
Black-throated Blue Warbler,t,w,black-throated_blue_warbler,http://www.allaboutbirds.org/guide/black-throated_blue_warbler/id,Perching Birds,PASSERIFORMES,PARULIDAE,Setophaga,caerulescens,Tennessee Warbler
Palm Warbler,t,w,palm_warbler,http://www.allaboutbirds.org/guide/palm_warbler/id,Perching Birds,PASSERIFORMES,PARULIDAE,Setophaga,palmarum,""
Pine Warbler,t,,pine_warbler,http://www.allaboutbirds.org/guide/pine_warbler/id,Perching Birds,PASSERIFORMES,PARULIDAE,Setophaga,pinus,"Yellow-throated Vireo, Bay-breasted Warbler, Blackpoll Warbler, Cape May Warbler, Yellow Warbler"
Yellow-rumped Warbler,B,W,yellow-rumped_warbler,http://www.allaboutbirds.org/guide/yellow-rumped_warbler/id,Perching Birds,PASSERIFORMES,PARULIDAE,Setophaga,coronata,"Magnolia Warbler, Yellow-throated Warbler, Black-and-white Warbler"
Yellow-throated Warbler,t,W,yellow-throated_warbler,http://www.allaboutbirds.org/guide/yellow-throated_warbler/id,Perching Birds,PASSERIFORMES,PARULIDAE,Setophaga,dominica,""
Prairie Warbler,t,,prairie_warbler,http://www.allaboutbirds.org/guide/prairie_warbler/id,Perching Birds,PASSERIFORMES,PARULIDAE,Setophaga,discolor,""
Black-throated Gray Warbler,B,w,black-throated_gray_warbler,http://www.allaboutbirds.org/guide/black-throated_gray_warbler/id,Perching Birds,PASSERIFORMES,PARULIDAE,Setophaga,nigrescens,""
Townsend's Warbler,B,,townsends_warbler,http://www.allaboutbirds.org/guide/townsends_warbler/id,Perching Birds,PASSERIFORMES,PARULIDAE,Setophaga,townsendi,""
Black-throated Green Warbler,t,,black-throated_green_warbler,http://www.allaboutbirds.org/guide/black-throated_green_warbler/id,Perching Birds,PASSERIFORMES,PARULIDAE,Setophaga,virens,Townsend's Warbler
Canada Warbler,t,,canada_warbler,http://www.allaboutbirds.org/guide/canada_warbler/id,Perching Birds,PASSERIFORMES,PARULIDAE,Cardellina,canadensis,""
Wilson's Warbler,B,,wilsons_warbler,http://www.allaboutbirds.org/guide/wilsons_warbler/id,Perching Birds,PASSERIFORMES,PARULIDAE,Cardellina,pusilla,""
Painted Redstart,t,,painted_redstart,http://www.allaboutbirds.org/guide/painted_redstart/id,Perching Birds,PASSERIFORMES,PARULIDAE,Myioborus,pictus,""
Yellow-breasted Chat,B,,yellow-breasted_chat,http://www.allaboutbirds.org/guide/yellow-breasted_chat/id,Perching Birds,PASSERIFORMES,PARULIDAE,Icteria,virens,Yellow-throated Vireo
Green-tailed Towhee,B,W,green-tailed_towhee,http://www.allaboutbirds.org/guide/green-tailed_towhee/id,Perching Birds,PASSERIFORMES,EMBERIZIDAE,Pipilo,chlorurus,""
Spotted Towhee,B,W,spotted_towhee,http://www.allaboutbirds.org/guide/spotted_towhee/id,Perching Birds,PASSERIFORMES,EMBERIZIDAE,Pipilo,maculatus,"Bullock's Oriole, Eastern Towhee"
Eastern Towhee,t,,eastern_towhee,http://www.allaboutbirds.org/guide/eastern_towhee/id,Perching Birds,PASSERIFORMES,EMBERIZIDAE,Pipilo,erythrophthalmus,"American Redstart, American Robin, Baltimore Oriole, Spotted Towhee, Dark-eyed Junco"
American Tree Sparrow,t,W,american_tree_sparrow,http://www.allaboutbirds.org/guide/american_tree_sparrow/id,Perching Birds,PASSERIFORMES,EMBERIZIDAE,Spizella,arborea,"Chipping Sparrow, Field Sparrow, Song Sparrow, Lark Sparrow"
Chipping Sparrow,B,W,chipping_sparrow,http://www.allaboutbirds.org/guide/chipping_sparrow/id,Perching Birds,PASSERIFORMES,EMBERIZIDAE,Spizella,passerina,"American Tree Sparrow, Field Sparrow, Lark Sparrow"
Clay-colored Sparrow,B,,clay-colored_sparrow,http://www.allaboutbirds.org/guide/clay-colored_sparrow/id,Perching Birds,PASSERIFORMES,EMBERIZIDAE,Spizella,pallida,Chipping Sparrow
Brewer's Sparrow,B,,brewers_sparrow,http://www.allaboutbirds.org/guide/brewers_sparrow/id,Perching Birds,PASSERIFORMES,EMBERIZIDAE,Spizella,breweri,""
Field Sparrow,B,,field_sparrow,http://www.allaboutbirds.org/guide/field_sparrow/id,Perching Birds,PASSERIFORMES,EMBERIZIDAE,Spizella,pusilla,"Chipping Sparrow, American Tree Sparrow"
Vesper Sparrow,B,w,vesper_sparrow,http://www.allaboutbirds.org/guide/vesper_sparrow/id,Perching Birds,PASSERIFORMES,EMBERIZIDAE,Pooecetes,gramineus,"Savannah Sparrow, Song Sparrow, American Pipit"
Lark Sparrow,B,,lark_sparrow,http://www.allaboutbirds.org/guide/lark_sparrow/id,Perching Birds,PASSERIFORMES,EMBERIZIDAE,Chondestes,grammacus,""
Black-throated Sparrow,t,,black-throated_sparrow,http://www.allaboutbirds.org/guide/black-throated_sparrow/id,Perching Birds,PASSERIFORMES,EMBERIZIDAE,Amphispiza,bilineata,""
Sage Sparrow,B,,sage_sparrow,http://www.allaboutbirds.org/guide/sage_sparrow/id,Perching Birds,PASSERIFORMES,EMBERIZIDAE,Artemisiospiza,nevadensis,Black-throated Sparrow
Lark Bunting,B,,lark_bunting,http://www.allaboutbirds.org/guide/lark_bunting/id,Perching Birds,PASSERIFORMES,EMBERIZIDAE,Calamospiza,melanocorys,""
Savannah Sparrow,B,w,savannah_sparrow,http://www.allaboutbirds.org/guide/savannah_sparrow/id,Perching Birds,PASSERIFORMES,EMBERIZIDAE,Passerculus,sandwichensis,"Song Sparrow, Vesper Sparrow, White-throated Sparrow, American Pipit"
Grasshopper Sparrow,B,,grasshopper_sparrow,http://www.allaboutbirds.org/guide/grasshopper_sparrow/id,Perching Birds,PASSERIFORMES,EMBERIZIDAE,Ammodramus,savannarum,""
Baird's Sparrow,B,,bairds_sparrow,http://www.allaboutbirds.org/guide/bairds_sparrow/id,Perching Birds,PASSERIFORMES,EMBERIZIDAE,Ammodramus,bairdii,""
Le Conte's Sparrow,B,w,le_contes_sparrow,http://www.allaboutbirds.org/guide/le_contes_sparrow/id,Perching Birds,PASSERIFORMES,EMBERIZIDAE,Ammodramus,leconteii,""
Nelson's Sparrow,B,,nelsons_sparrow,http://www.allaboutbirds.org/guide/nelsons_sparrow/id,Perching Birds,PASSERIFORMES,EMBERIZIDAE,Ammodramus,nelsoni,""
Fox Sparrow,B,w,fox_sparrow,http://www.allaboutbirds.org/guide/fox_sparrow/id,Perching Birds,PASSERIFORMES,EMBERIZIDAE,Passerella,iliaca,"Song Sparrow, Savannah Sparrow"
Song Sparrow,B,W,song_sparrow,http://www.allaboutbirds.org/guide/song_sparrow/id,Perching Birds,PASSERIFORMES,EMBERIZIDAE,Melospiza,melodia,"Vesper Sparrow, White-throated Sparrow, Swamp Sparrow, Savannah Sparrow, Fox Sparrow, Lincoln's Sparrow"
Lincoln's Sparrow,B,w,lincolns_sparrow,http://www.allaboutbirds.org/guide/lincolns_sparrow/id,Perching Birds,PASSERIFORMES,EMBERIZIDAE,Melospiza,lincolnii,""
Swamp Sparrow,t,W,swamp_sparrow,http://www.allaboutbirds.org/guide/swamp_sparrow/id,Perching Birds,PASSERIFORMES,EMBERIZIDAE,Melospiza,georgiana,""
White-throated Sparrow,t,W,white-throated_sparrow,http://www.allaboutbirds.org/guide/white-throated_sparrow/id,Perching Birds,PASSERIFORMES,EMBERIZIDAE,Zonotrichia,albicollis,"White-crowned Sparrow, Song Sparrow, Golden-crowned Sparrow"
Harris's Sparrow,t,W,harriss_sparrow,http://www.allaboutbirds.org/guide/harriss_sparrow/id,Perching Birds,PASSERIFORMES,EMBERIZIDAE,Zonotrichia,querula,"House Sparrow, Lapland Longspur"
White-crowned Sparrow,B,W,white-crowned_sparrow,http://www.allaboutbirds.org/guide/white-crowned_sparrow/id,Perching Birds,PASSERIFORMES,EMBERIZIDAE,Zonotrichia,leucophrys,"White-throated Sparrow, Golden-crowned Sparrow, House Sparrow"
Golden-crowned Sparrow,b,w,golden-crowned_sparrow,http://www.allaboutbirds.org/guide/golden-crowned_sparrow/id,Perching Birds,PASSERIFORMES,EMBERIZIDAE,Zonotrichia,atricapilla,"White-throated Sparrow, White-crowned Sparrow, Song Sparrow"
Dark-eyed Junco,B,W,dark-eyed_junco,http://www.allaboutbirds.org/guide/dark-eyed_junco/id,Perching Birds,PASSERIFORMES,EMBERIZIDAE,Junco,hyemalis,"White-throated Sparrow, Spotted Towhee"
Summer Tanager,t,,summer_tanager,http://www.allaboutbirds.org/guide/summer_tanager/id,Perching Birds,PASSERIFORMES,CARDINALIDAE,Piranga,rubra,"Scarlet Tanager, Western Tanager"
Scarlet Tanager,t,,scarlet_tanager,http://www.allaboutbirds.org/guide/scarlet_tanager/id,Perching Birds,PASSERIFORMES,CARDINALIDAE,Piranga,olivacea,"Summer Tanager, Western Tanager"
Western Tanager,B,,western_tanager,http://www.allaboutbirds.org/guide/western_tanager/id,Perching Birds,PASSERIFORMES,CARDINALIDAE,Piranga,ludoviciana,Scarlet Tanager
Northern Cardinal,t,W,northern_cardinal,http://www.allaboutbirds.org/guide/northern_cardinal/id,Perching Birds,PASSERIFORMES,CARDINALIDAE,Cardinalis,cardinalis,"Summer Tanager, Vermilion Flycatcher, Scarlet Tanager, Pyrrhuloxia"
Pyrrhuloxia,t,,pyrrhuloxia,http://www.allaboutbirds.org/guide/pyrrhuloxia/id,Perching Birds,PASSERIFORMES,CARDINALIDAE,Cardinalis,sinuatus,Northern Cardinal
Rose-breasted Grosbeak,B,w,rose-breasted_grosbeak,http://www.allaboutbirds.org/guide/rose-breasted_grosbeak/id,Perching Birds,PASSERIFORMES,CARDINALIDAE,Pheucticus,ludovicianus,"Black-headed Grosbeak, Purple Finch, Red-winged Blackbird"
Black-headed Grosbeak,B,W,black-headed_grosbeak,http://www.allaboutbirds.org/guide/black-headed_grosbeak/id,Perching Birds,PASSERIFORMES,CARDINALIDAE,Pheucticus,melanocephalus,"Purple Finch, Rose-breasted Grosbeak, Baltimore Oriole"
Blue Grosbeak,B,,blue_grosbeak,http://www.allaboutbirds.org/guide/blue_grosbeak/id,Perching Birds,PASSERIFORMES,CARDINALIDAE,Passerina,caerulea,"Indigo Bunting, Eastern Bluebird, Brown-headed Cowbird, Lazuli Bunting"
Lazuli Bunting,B,,lazuli_bunting,http://www.allaboutbirds.org/guide/lazuli_bunting/id,Perching Birds,PASSERIFORMES,CARDINALIDAE,Passerina,amoena,"Blue Grosbeak, Indigo Bunting, Western Bluebird"
Indigo Bunting,b,,indigo_bunting,http://www.allaboutbirds.org/guide/indigo_bunting/id,Perching Birds,PASSERIFORMES,CARDINALIDAE,Passerina,cyanea,"Blue Grosbeak, Lazuli Bunting, Painted Bunting, House Sparrow, Eastern Bluebird"
Painted Bunting,t,w,painted_bunting,http://www.allaboutbirds.org/guide/painted_bunting/id,Perching Birds,PASSERIFORMES,CARDINALIDAE,Passerina,ciris,"Indigo Bunting, Lazuli Bunting"
Dickcissel,B,,dickcissel,http://www.allaboutbirds.org/guide/dickcissel/id,Perching Birds,PASSERIFORMES,CARDINALIDAE,Spiza,americana,"House Sparrow, Eastern Meadowlark"
Bobolink,B,,bobolink,http://www.allaboutbirds.org/guide/bobolink/id,Perching Birds,PASSERIFORMES,ICTERIDAE,Dolichonyx,oryzivorus,"Lark Bunting, Red-winged Blackbird, Grasshopper Sparrow"
Red-winged Blackbird,B,W,red-winged_blackbird,http://www.allaboutbirds.org/guide/red-winged_blackbird/id,Perching Birds,PASSERIFORMES,ICTERIDAE,Agelaius,phoeniceus,"Brewer's Blackbird, Song Sparrow, Brown-headed Cowbird, Common Grackle, European Starling"
Eastern Meadowlark,t,,eastern_meadowlark,http://www.allaboutbirds.org/guide/eastern_meadowlark/id,Perching Birds,PASSERIFORMES,ICTERIDAE,Sturnella,magna,"Western Meadowlark, Red-winged Blackbird"
Western Meadowlark,B,W,western_meadowlark,http://www.allaboutbirds.org/guide/western_meadowlark/id,Perching Birds,PASSERIFORMES,ICTERIDAE,Sturnella,neglecta,"Eastern Meadowlark, Red-winged Blackbird, Yellow-headed Blackbird, Horned Lark"
Yellow-headed Blackbird,B,W,yellow-headed_blackbird,http://www.allaboutbirds.org/guide/yellow-headed_blackbird/id,Perching Birds,PASSERIFORMES,ICTERIDAE,Xanthocephalus,xanthocephalus,Red-winged Blackbird
Rusty Blackbird,t,W,rusty_blackbird,http://www.allaboutbirds.org/guide/rusty_blackbird/id,Perching Birds,PASSERIFORMES,ICTERIDAE,Euphagus,carolinus,"Common Grackle, Red-winged Blackbird, Brown-headed Cowbird, Brewer's Blackbird"
Brewer's Blackbird,B,W,brewers_blackbird,http://www.allaboutbirds.org/guide/brewers_blackbird/id,Perching Birds,PASSERIFORMES,ICTERIDAE,Euphagus,cyanocephalus,"Brown-headed Cowbird, Common Grackle, Rusty Blackbird, Red-winged Blackbird, European Starling"
Common Grackle,B,W,common_grackle,http://www.allaboutbirds.org/guide/common_grackle/id,Perching Birds,PASSERIFORMES,ICTERIDAE,Quiscalus,quiscula,"American Crow, Brewer's Blackbird, Brown-headed Cowbird, Red-winged Blackbird, European Starling, Great-tailed Grackle"
Great-tailed Grackle,b,,great-tailed_grackle,http://www.allaboutbirds.org/guide/great-tailed_grackle/id,Perching Birds,PASSERIFORMES,ICTERIDAE,Quiscalus,mexicanus,"Common Grackle, Brewer's Blackbird"
Brown-headed Cowbird,B,w,brown-headed_cowbird,http://www.allaboutbirds.org/guide/brown-headed_cowbird/id,Perching Birds,PASSERIFORMES,ICTERIDAE,Molothrus,ater,"Red-winged Blackbird, Brewer's Blackbird"
Orchard Oriole,B,,orchard_oriole,http://www.allaboutbirds.org/guide/orchard_oriole/id,Perching Birds,PASSERIFORMES,ICTERIDAE,Icterus,spurius,"Baltimore Oriole, Hooded Oriole"
Hooded Oriole,t,,hooded_oriole,http://www.allaboutbirds.org/guide/hooded_oriole/id,Perching Birds,PASSERIFORMES,ICTERIDAE,Icterus,cucullatus,"Bullock's Oriole, Orchard Oriole"
Bullock's Oriole,B,w,bullocks_oriole,http://www.allaboutbirds.org/guide/bullocks_oriole/id,Perching Birds,PASSERIFORMES,ICTERIDAE,Icterus,bullockii,"Baltimore Oriole, Hooded Oriole"
Baltimore Oriole,B,,baltimore_oriole,http://www.allaboutbirds.org/guide/baltimore_oriole/id,Perching Birds,PASSERIFORMES,ICTERIDAE,Icterus,galbula,"Bullock's Oriole, Orchard Oriole, American Robin"
Gray-crowned Rosy-Finch,B,W,gray-crowned_rosy-finch,http://www.allaboutbirds.org/guide/gray-crowned_rosy-finch/id,Perching Birds,PASSERIFORMES,FRINGILLIDAE,Leucosticte,tephrocotis,""
Black Rosy-Finch,B,W,black_rosy-finch,http://www.allaboutbirds.org/guide/black_rosy-finch/id,Perching Birds,PASSERIFORMES,FRINGILLIDAE,Leucosticte,atrata,""
Pine Grosbeak,B,W,pine_grosbeak,http://www.allaboutbirds.org/guide/pine_grosbeak/id,Perching Birds,PASSERIFORMES,FRINGILLIDAE,Pinicola,enucleator,"House Finch, Purple Finch, White-winged Crossbill, Evening Grosbeak"
Purple Finch,t,W,purple_finch,http://www.allaboutbirds.org/guide/purple_finch/id,Perching Birds,PASSERIFORMES,FRINGILLIDAE,Haemorhous,purpureus,"Cassin's Finch, Rose-breasted Grosbeak, House Finch, Pine Grosbeak"
Cassin's Finch,B,W,cassins_finch,http://www.allaboutbirds.org/guide/cassins_finch/id,Perching Birds,PASSERIFORMES,FRINGILLIDAE,Haemorhous,cassinii,"Purple Finch, House Finch, Pine Siskin"
House Finch,B,W,house_finch,http://www.allaboutbirds.org/guide/house_finch/id,Perching Birds,PASSERIFORMES,FRINGILLIDAE,Haemorhous,mexicanus,"Purple Finch, Pine Siskin, Cassin's Finch, Red Crossbill, Pine Grosbeak"
Red Crossbill,B,W,red_crossbill,http://www.allaboutbirds.org/guide/red_crossbill/id,Perching Birds,PASSERIFORMES,FRINGILLIDAE,Loxia,curvirostra,"Pine Siskin, White-winged Crossbill"
White-winged Crossbill,b,W,white-winged_crossbill,http://www.allaboutbirds.org/guide/white-winged_crossbill/id,Perching Birds,PASSERIFORMES,FRINGILLIDAE,Loxia,leucoptera,""
Common Redpoll,t,W,common_redpoll,http://www.allaboutbirds.org/guide/common_redpoll/id,Perching Birds,PASSERIFORMES,FRINGILLIDAE,Acanthis,flammea,"Hoary Redpoll, Pine Siskin, House Finch, Purple Finch, American Goldfinch"
Hoary Redpoll,t,W,hoary_redpoll,http://www.allaboutbirds.org/guide/hoary_redpoll/id,Perching Birds,PASSERIFORMES,FRINGILLIDAE,Acanthis,hornemanni,""
Pine Siskin,B,W,pine_siskin,http://www.allaboutbirds.org/guide/pine_siskin/id,Perching Birds,PASSERIFORMES,FRINGILLIDAE,Spinus,pinus,"House Finch, Common Redpoll, Yellow-rumped Warbler, American Goldfinch"
Lesser Goldfinch,B,w,lesser_goldfinch,http://www.allaboutbirds.org/guide/lesser_goldfinch/id,Perching Birds,PASSERIFORMES,FRINGILLIDAE,Spinus,psaltria,American Goldfinch
American Goldfinch,B,W,american_goldfinch,http://www.allaboutbirds.org/guide/american_goldfinch/id,Perching Birds,PASSERIFORMES,FRINGILLIDAE,Spinus,tristis,"Yellow Warbler, Evening Grosbeak, Pine Siskin, Pine Warbler, Lesser Goldfinch"
Evening Grosbeak,B,W,evening_grosbeak,http://www.allaboutbirds.org/guide/evening_grosbeak/id,Perching Birds,PASSERIFORMES,FRINGILLIDAE,Coccothraustes,vespertinus,"American Goldfinch, Pine Grosbeak"
House Sparrow,B,W,house_sparrow,http://www.allaboutbirds.org/guide/house_sparrow/id,Perching Birds,PASSERIFORMES,PASSERIDAE,Passer,domesticus,"Black-throated Sparrow, White-crowned Sparrow, White-throated Sparrow, Harris's Sparrow"
